synthetic_person_id,district,district_code,urban_rural,age,gender,marital_status,relationship_to_head,household_size,household_type,literacy_status,education_level,labour_force_status,employment_status,individual_income,consumption_expenditure,social_group,base_weight,raw_calibration_weight,calibration_weight,normalized_weight,population_weight,synthetic_household_id,policy_id,policy_version,run_id,person_id,household_id,is_eligible,is_excluded,eligibility_status,eligibility_reason_codes,passed_rule_ids,failed_rule_ids,is_selected_beneficiary,selection_status,benefit_amount,annualized_benefit_amount,estimated_policy_cost
TN-SYN-P-000000061,Namakkal,08,Rural,24,Female,1,5,4,Regular wage/salary earning,Literate,Diploma/Certificate,Unemployed,Unemployed,0.0,10667.0,Other Backward Class,1.0,1.05622434506,1.05570913428,1.05570913428,1.05570913428,TN-HH-00000061,tn_youth_skilling_stipend_003,1.0,POLICY-RUN-ADF1BD64DB,TN-SYN-P-000000061,TN-HH-00000061,True,False,ELIGIBLE_ALL_RULES_PASSED,ELIGIBLE_ALL_RULES_PASSED,R_AGE_MIN;R_AGE_MAX;R_EMPLOYMENT,,True,SELECTED,2000.0,24000.0,25337.02
TN-SYN-P-000000093,Thoothukudi,26,Urban,22,Female,1,5,4,Self-employed in agriculture,Literate,Diploma/Certificate,Unemployed,Unemployed,0.0,21087.0,Other Backward Class,1.0,1.0223852304,1.02189038143,1.02189038143,1.02189038143,TN-HH-00000093,tn_youth_skilling_stipend_003,1.0,POLICY-RUN-ADF1BD64DB,TN-SYN-P-000000093,TN-HH-00000093,True,False,ELIGIBLE_ALL_RULES_PASSED,ELIGIBLE_ALL_RULES_PASSED,R_AGE_MIN;R_AGE_MAX;R_EMPLOYMENT,,True,SELECTED,2000.0,24000.0,24525.37
TN-SYN-P-000000117,Cuddalore,16,Urban,21,Female,1,5,4,Self-employed in agriculture,Literate,Diploma/Certificate,Unemployed,Unemployed,0.0,15400.0,Other Backward Class,1.0,1.0223852304,1.02189038143,1.02189038143,1.02189038143,TN-HH-00000117,tn_youth_skilling_stipend_003,1.0,POLICY-RUN-ADF1BD64DB,TN-SYN-P-000000117,TN-HH-00000117,True,False,ELIGIBLE_ALL_RULES_PASSED,ELIGIBLE_ALL_RULES_PASSED,R_AGE_MIN;R_AGE_MAX;R_EMPLOYMENT,,True,SELECTED,2000.0,24000.0,24525.37
TN-SYN-P-000000137,Chennai,02,Urban,26,Male,1,5,4,Self-employed in agriculture,Literate,Diploma/Certificate,Unemployed,Unemployed,0.0,43288.0,Other Backward Class,1.0,1.0201184824,1.01962499739,1.01962499739,1.01962499739,TN-HH-00000137,tn_youth_skilling_stipend_003,1.0,POLICY-RUN-ADF1BD64DB,TN-SYN-P-000000137,TN-HH-00000137,True,False,ELIGIBLE_ALL_RULES_PASSED,ELIGIBLE_ALL_RULES_PASSED,R_AGE_MIN;R_AGE_MAX;R_EMPLOYMENT,,True,SELECTED,2000.0,24000.0,24471.0
TN-SYN-P-000000184,Salem,07,Rural,28,Female,1,5,3,Others,Literate,Diploma/Certificate,Unemployed,Unemployed,0.0,16500.0,Other Backward Class,1.0,1.05622434506,1.05570913428,1.05570913428,1.05570913428,TN-HH-00000184,tn_youth_skilling_stipend_003,1.0,POLICY-RUN-ADF1BD64DB,TN-SYN-P-000000184,TN-HH-00000184,True,False,ELIGIBLE_ALL_RULES_PASSED,ELIGIBLE_ALL_RULES_PASSED,R_AGE_MIN;R_AGE_MAX;R_EMPLOYMENT,,True,SELECTED,2000.0,24000.0,25337.02
TN-SYN-P-000000219,Unknown,37,Rural,22,Male,1,5,5,Self-employed in agriculture,Literate,Diploma/Certificate,Unemployed,Unemployed,0.0,12180.0,Other Backward Class,1.0,1.05388257177,1.0533687701,1.0533687701,1.0533687701,TN-HH-00000219,tn_youth_skilling_stipend_003,1.0,POLICY-RUN-ADF1BD64DB,TN-SYN-P-000000219,TN-HH-00000219,True,False,ELIGIBLE_ALL_RULES_PASSED,ELIGIBLE_ALL_RULES_PASSED,R_AGE_MIN;R_AGE_MAX;R_EMPLOYMENT,,True,SELECTED,2000.0,24000.0,25280.85
TN-SYN-P-000000366,Chennai,02,Urban,28,Male,1,5,4,Self-employed in non-agriculture,Literate,Diploma/Certificate,Unemployed,Unemployed,0.0,28117.0,Other Backward Class,1.0,1.0201184824,1.01962499739,1.01962499739,1.01962499739,TN-HH-00000366,tn_youth_skilling_stipend_003,1.0,POLICY-RUN-ADF1BD64DB,TN-SYN-P-000000366,TN-HH-00000366,True,False,ELIGIBLE_ALL_RULES_PASSED,ELIGIBLE_ALL_RULES_PASSED,R_AGE_MIN;R_AGE_MAX;R_EMPLOYMENT,,True,SELECTED,2000.0,24000.0,24471.0
TN-SYN-P-000000384,The Nilgiris,10,Urban,21,Female,1,5,3,Self-employed in non-agriculture,Literate,Diploma/Certificate,Unemployed,Unemployed,0.0,35150.0,Other Backward Class,1.0,1.0223852304,1.02189038143,1.02189038143,1.02189038143,TN-HH-00000384,tn_youth_skilling_stipend_003,1.0,POLICY-RUN-ADF1BD64DB,TN-SYN-P-000000384,TN-HH-00000384,True,False,ELIGIBLE_ALL_RULES_PASSED,ELIGIBLE_ALL_RULES_PASSED,R_AGE_MIN;R_AGE_MAX;R_EMPLOYMENT,,True,SELECTED,2000.0,24000.0,24525.37
TN-SYN-P-000000443,Tiruppur,32,Urban,23,Male,1,5,4,Regular wage/salary earning,Literate,Diploma/Certificate,Unemployed,Unemployed,0.0,16692.0,Other Backward Class,1.0,1.0201184824,1.01962499739,1.01962499739,1.01962499739,TN-HH-00000443,tn_youth_skilling_stipend_003,1.0,POLICY-RUN-ADF1BD64DB,TN-SYN-P-000000443,TN-HH-00000443,True,False,ELIGIBLE_ALL_RULES_PASSED,ELIGIBLE_ALL_RULES_PASSED,R_AGE_MIN;R_AGE_MAX;R_EMPLOYMENT,,True,SELECTED,2000.0,24000.0,24471.0
TN-SYN-P-000000614,Thiruvarur,18,Rural,24,Female,2,4,5,Regular wage/salary earning,Literate,Diploma/Certificate,Unemployed,Unemployed,0.0,17192.0,Other Backward Class,1.0,1.05622434506,1.05570913428,1.05570913428,1.05570913428,TN-HH-00000614,tn_youth_skilling_stipend_003,1.0,POLICY-RUN-ADF1BD64DB,TN-SYN-P-000000614,TN-HH-00000614,True,False,ELIGIBLE_ALL_RULES_PASSED,ELIGIBLE_ALL_RULES_PASSED,R_AGE_MIN;R_AGE_MAX;R_EMPLOYMENT,,True,SELECTED,2000.0,24000.0,25337.02
TN-SYN-P-000000656,Cuddalore,16,Urban,21,Female,1,5,4,Self-employed in agriculture,Literate,Diploma/Certificate,Unemployed,Unemployed,0.0,15400.0,Other Backward Class,1.0,1.0223852304,1.02189038143,1.02189038143,1.02189038143,TN-HH-00000656,tn_youth_skilling_stipend_003,1.0,POLICY-RUN-ADF1BD64DB,TN-SYN-P-000000656,TN-HH-00000656,True,False,ELIGIBLE_ALL_RULES_PASSED,ELIGIBLE_ALL_RULES_PASSED,R_AGE_MIN;R_AGE_MAX;R_EMPLOYMENT,,True,SELECTED,2000.0,24000.0,24525.37
TN-SYN-P-000000795,Virudhunagar,24,Urban,25,Female,1,5,4,Others,Literate,Diploma/Certificate,Unemployed,Unemployed,0.0,16750.0,Other Backward Class,1.0,1.0223852304,1.02189038143,1.02189038143,1.02189038143,TN-HH-00000795,tn_youth_skilling_stipend_003,1.0,POLICY-RUN-ADF1BD64DB,TN-SYN-P-000000795,TN-HH-00000795,True,False,ELIGIBLE_ALL_RULES_PASSED,ELIGIBLE_ALL_RULES_PASSED,R_AGE_MIN;R_AGE_MAX;R_EMPLOYMENT,,True,SELECTED,2000.0,24000.0,24525.37
TN-SYN-P-000000983,Tenkasi,33,Rural,19,Male,1,5,4,Self-employed in agriculture,Literate,Higher Secondary,Unemployed,Unemployed,0.0,7620.0,Scheduled Caste,1.0,0.88013039559,0.879721144774,0.879721144774,0.879721144774,TN-HH-00000983,tn_youth_skilling_stipend_003,1.0,POLICY-RUN-ADF1BD64DB,TN-SYN-P-000000983,TN-HH-00000983,True,False,ELIGIBLE_ALL_RULES_PASSED,ELIGIBLE_ALL_RULES_PASSED,R_AGE_MIN;R_AGE_MAX;R_EMPLOYMENT,,True,SELECTED,2000.0,24000.0,21113.31
TN-SYN-P-000001000,Tenkasi,33,Rural,19,Male,1,5,4,Self-employed in agriculture,Literate,Higher Secondary,Unemployed,Unemployed,0.0,7620.0,Scheduled Caste,1.0,0.88013039559,0.879721144774,0.879721144774,0.879721144774,TN-HH-00001000,tn_youth_skilling_stipend_003,1.0,POLICY-RUN-ADF1BD64DB,TN-SYN-P-000001000,TN-HH-00001000,True,False,ELIGIBLE_ALL_RULES_PASSED,ELIGIBLE_ALL_RULES_PASSED,R_AGE_MIN;R_AGE_MAX;R_EMPLOYMENT,,True,SELECTED,2000.0,24000.0,21113.31
TN-SYN-P-000001103,Coimbatore,31,Urban,21,Female,1,5,3,Self-employed in agriculture,Literate,Diploma/Certificate,Unemployed,Unemployed,0.0,25517.0,Other Backward Class,1.0,1.0223852304,1.02189038143,1.02189038143,1.02189038143,TN-HH-00001103,tn_youth_skilling_stipend_003,1.0,POLICY-RUN-ADF1BD64DB,TN-SYN-P-000001103,TN-HH-00001103,True,False,ELIGIBLE_ALL_RULES_PASSED,ELIGIBLE_ALL_RULES_PASSED,R_AGE_MIN;R_AGE_MAX;R_EMPLOYMENT,,True,SELECTED,2000.0,24000.0,24525.37
TN-SYN-P-000001161,Chennai,02,Urban,26,Male,1,5,5,Self-employed in agriculture,Literate,Higher Secondary,Unemployed,Unemployed,0.0,21337.0,Others,1.0,1.0201184824,1.01962499739,1.01962499739,1.01962499739,TN-HH-00001161,tn_youth_skilling_stipend_003,1.0,POLICY-RUN-ADF1BD64DB,TN-SYN-P-000001161,TN-HH-00001161,True,False,ELIGIBLE_ALL_RULES_PASSED,ELIGIBLE_ALL_RULES_PASSED,R_AGE_MIN;R_AGE_MAX;R_EMPLOYMENT,,True,SELECTED,2000.0,24000.0,24471.0
TN-SYN-P-000001262,Chennai,02,Urban,26,Male,1,5,4,Self-employed in agriculture,Literate,Diploma/Certificate,Unemployed,Unemployed,0.0,43288.0,Other Backward Class,1.0,1.0201184824,1.01962499739,1.01962499739,1.01962499739,TN-HH-00001262,tn_youth_skilling_stipend_003,1.0,POLICY-RUN-ADF1BD64DB,TN-SYN-P-000001262,TN-HH-00001262,True,False,ELIGIBLE_ALL_RULES_PASSED,ELIGIBLE_ALL_RULES_PASSED,R_AGE_MIN;R_AGE_MAX;R_EMPLOYMENT,,True,SELECTED,2000.0,24000.0,24471.0
TN-SYN-P-000001522,Viluppuram,06,Urban,24,Male,1,5,5,Self-employed in agriculture,Literate,Diploma/Certificate,Unemployed,Unemployed,0.0,9442.0,Others,1.0,1.0201184824,1.01962499739,1.01962499739,1.01962499739,TN-HH-00001522,tn_youth_skilling_stipend_003,1.0,POLICY-RUN-ADF1BD64DB,TN-SYN-P-000001522,TN-HH-00001522,True,False,ELIGIBLE_ALL_RULES_PASSED,ELIGIBLE_ALL_RULES_PASSED,R_AGE_MIN;R_AGE_MAX;R_EMPLOYMENT,,True,SELECTED,2000.0,24000.0,24471.0
TN-SYN-P-000001647,Kancheepuram,03,Urban,24,Female,1,5,6,Self-employed in agriculture,Literate,Diploma/Certificate,Unemployed,Unemployed,0.0,38013.0,Other Backward Class,1.0,1.0223852304,1.02189038143,1.02189038143,1.02189038143,TN-HH-00001647,tn_youth_skilling_stipend_003,1.0,POLICY-RUN-ADF1BD64DB,TN-SYN-P-000001647,TN-HH-00001647,True,False,ELIGIBLE_ALL_RULES_PASSED,ELIGIBLE_ALL_RULES_PASSED,R_AGE_MIN;R_AGE_MAX;R_EMPLOYMENT,,True,SELECTED,2000.0,24000.0,24525.37
TN-SYN-P-000001760,Cuddalore,16,Rural,18,Male,1,5,5,Casual labour in non-agriculture,Literate,Diploma/Certificate,Unemployed,Unemployed,0.0,12467.0,Other Backward Class,1.0,1.05388257177,1.0533687701,1.0533687701,1.0533687701,TN-HH-00001760,tn_youth_skilling_stipend_003,1.0,POLICY-RUN-ADF1BD64DB,TN-SYN-P-000001760,TN-HH-00001760,True,False,ELIGIBLE_ALL_RULES_PASSED,ELIGIBLE_ALL_RULES_PASSED,R_AGE_MIN;R_AGE_MAX;R_EMPLOYMENT,,True,SELECTED,2000.0,24000.0,25280.85
TN-SYN-P-000001790,Vellore,04,Rural,21,Female,1,5,4,Self-employed in agriculture,Literate,Diploma/Certificate,Unemployed,Unemployed,0.0,11888.0,Scheduled Caste,1.0,0.88208608392,0.881675656319,0.881675656319,0.881675656319,TN-HH-00001790,tn_youth_skilling_stipend_003,1.0,POLICY-RUN-ADF1BD64DB,TN-SYN-P-000001790,TN-HH-00001790,True,False,ELIGIBLE_ALL_RULES_PASSED,ELIGIBLE_ALL_RULES_PASSED,R_AGE_MIN;R_AGE_MAX;R_EMPLOYMENT,,True,SELECTED,2000.0,24000.0,21160.22
TN-SYN-P-000001890,Kallakurichi,34,Rural,22,Male,1,5,3,Self-employed in agriculture,Literate,Diploma/Certificate,Unemployed,Unemployed,0.0,9358.0,Scheduled Caste,1.0,0.88013039559,0.879721144774,0.879721144774,0.879721144774,TN-HH-00001890,tn_youth_skilling_stipend_003,1.0,POLICY-RUN-ADF1BD64DB,TN-SYN-P-000001890,TN-HH-00001890,True,False,ELIGIBLE_ALL_RULES_PASSED,ELIGIBLE_ALL_RULES_PASSED,R_AGE_MIN;R_AGE_MAX;R_EMPLOYMENT,,True,SELECTED,2000.0,24000.0,21113.31
TN-SYN-P-000001907,Kanniyakumari,28,Urban,23,Female,1,6,5,Self-employed in agriculture,Literate,Diploma/Certificate,Unemployed,Unemployed,0.0,6857.0,Other Backward Class,1.0,1.0223852304,1.02189038143,1.02189038143,1.02189038143,TN-HH-00001907,tn_youth_skilling_stipend_003,1.0,POLICY-RUN-ADF1BD64DB,TN-SYN-P-000001907,TN-HH-00001907,True,False,ELIGIBLE_ALL_RULES_PASSED,ELIGIBLE_ALL_RULES_PASSED,R_AGE_MIN;R_AGE_MAX;R_EMPLOYMENT,,True,SELECTED,2000.0,24000.0,24525.37
TN-SYN-P-000001909,Dharmapuri,29,Rural,22,Female,1,5,5,Regular wage/salary earning,Literate,Diploma/Certificate,Unemployed,Unemployed,0.0,14844.0,Other Backward Class,1.0,1.05622434506,1.05570913428,1.05570913428,1.05570913428,TN-HH-00001909,tn_youth_skilling_stipend_003,1.0,POLICY-RUN-ADF1BD64DB,TN-SYN-P-000001909,TN-HH-00001909,True,False,ELIGIBLE_ALL_RULES_PASSED,ELIGIBLE_ALL_RULES_PASSED,R_AGE_MIN;R_AGE_MAX;R_EMPLOYMENT,,True,SELECTED,2000.0,24000.0,25337.02
TN-SYN-P-000001971,Vellore,04,Rural,23,Female,1,5,5,Regular wage/salary earning,Literate,Diploma/Certificate,Unemployed,Unemployed,0.0,10940.0,Other Backward Class,1.0,1.05622434506,1.05570913428,1.05570913428,1.05570913428,TN-HH-00001971,tn_youth_skilling_stipend_003,1.0,POLICY-RUN-ADF1BD64DB,TN-SYN-P-000001971,TN-HH-00001971,True,False,ELIGIBLE_ALL_RULES_PASSED,ELIGIBLE_ALL_RULES_PASSED,R_AGE_MIN;R_AGE_MAX;R_EMPLOYMENT,,True,SELECTED,2000.0,24000.0,25337.02
TN-SYN-P-000002007,Virudhunagar,24,Urban,25,Female,1,5,4,Others,Literate,Diploma/Certificate,Unemployed,Unemployed,0.0,16750.0,Other Backward Class,1.0,1.0223852304,1.02189038143,1.02189038143,1.02189038143,TN-HH-00002007,tn_youth_skilling_stipend_003,1.0,POLICY-RUN-ADF1BD64DB,TN-SYN-P-000002007,TN-HH-00002007,True,False,ELIGIBLE_ALL_RULES_PASSED,ELIGIBLE_ALL_RULES_PASSED,R_AGE_MIN;R_AGE_MAX;R_EMPLOYMENT,,True,SELECTED,2000.0,24000.0,24525.37
TN-SYN-P-000002074,Chennai,02,Urban,26,Male,1,5,5,Self-employed in agriculture,Literate,Higher Secondary,Unemployed,Unemployed,0.0,21337.0,Others,1.0,1.0201184824,1.01962499739,1.01962499739,1.01962499739,TN-HH-00002074,tn_youth_skilling_stipend_003,1.0,POLICY-RUN-ADF1BD64DB,TN-SYN-P-000002074,TN-HH-00002074,True,False,ELIGIBLE_ALL_RULES_PASSED,ELIGIBLE_ALL_RULES_PASSED,R_AGE_MIN;R_AGE_MAX;R_EMPLOYMENT,,True,SELECTED,2000.0,24000.0,24471.0
TN-SYN-P-000002175,Madurai,22,Rural,22,Male,1,5,5,Regular wage/salary earning,Literate,Diploma/Certificate,Unemployed,Unemployed,0.0,16368.0,Other Backward Class,1.0,1.05388257177,1.0533687701,1.0533687701,1.0533687701,TN-HH-00002175,tn_youth_skilling_stipend_003,1.0,POLICY-RUN-ADF1BD64DB,TN-SYN-P-000002175,TN-HH-00002175,True,False,ELIGIBLE_ALL_RULES_PASSED,ELIGIBLE_ALL_RULES_PASSED,R_AGE_MIN;R_AGE_MAX;R_EMPLOYMENT,,True,SELECTED,2000.0,24000.0,25280.85
TN-SYN-P-000002203,Chennai,02,Urban,22,Male,1,5,2,Self-employed in agriculture,Literate,Secondary,Unemployed,Unemployed,0.0,10495.0,Other Backward Class,1.0,1.0201184824,1.01962499739,1.01962499739,1.01962499739,TN-HH-00002203,tn_youth_skilling_stipend_003,1.0,POLICY-RUN-ADF1BD64DB,TN-SYN-P-000002203,TN-HH-00002203,True,False,ELIGIBLE_ALL_RULES_PASSED,ELIGIBLE_ALL_RULES_PASSED,R_AGE_MIN;R_AGE_MAX;R_EMPLOYMENT,,True,SELECTED,2000.0,24000.0,24471.0
TN-SYN-P-000002261,Kallakurichi,34,Rural,22,Male,1,5,3,Self-employed in agriculture,Literate,Diploma/Certificate,Unemployed,Unemployed,0.0,9358.0,Scheduled Caste,1.0,0.88013039559,0.879721144774,0.879721144774,0.879721144774,TN-HH-00002261,tn_youth_skilling_stipend_003,1.0,POLICY-RUN-ADF1BD64DB,TN-SYN-P-000002261,TN-HH-00002261,True,False,ELIGIBLE_ALL_RULES_PASSED,ELIGIBLE_ALL_RULES_PASSED,R_AGE_MIN;R_AGE_MAX;R_EMPLOYMENT,,True,SELECTED,2000.0,24000.0,21113.31
TN-SYN-P-000002317,Coimbatore,31,Urban,18,Male,1,6,2,Self-employed in non-agriculture,Literate,Middle,Unemployed,Unemployed,0.0,7550.0,Other Backward Class,1.0,1.0201184824,1.01962499739,1.01962499739,1.01962499739,TN-HH-00002317,tn_youth_skilling_stipend_003,1.0,POLICY-RUN-ADF1BD64DB,TN-SYN-P-000002317,TN-HH-00002317,True,False,ELIGIBLE_ALL_RULES_PASSED,ELIGIBLE_ALL_RULES_PASSED,R_AGE_MIN;R_AGE_MAX;R_EMPLOYMENT,,True,SELECTED,2000.0,24000.0,24471.0
TN-SYN-P-000002322,Pudukkottai,20,Rural,19,Male,1,5,4,Regular wage/salary earning,Literate,Secondary,Unemployed,Unemployed,0.0,12533.0,Other Backward Class,1.0,1.05388257177,1.0533687701,1.0533687701,1.0533687701,TN-HH-00002322,tn_youth_skilling_stipend_003,1.0,POLICY-RUN-ADF1BD64DB,TN-SYN-P-000002322,TN-HH-00002322,True,False,ELIGIBLE_ALL_RULES_PASSED,ELIGIBLE_ALL_RULES_PASSED,R_AGE_MIN;R_AGE_MAX;R_EMPLOYMENT,,True,SELECTED,2000.0,24000.0,25280.85
TN-SYN-P-000002348,Dharmapuri,29,Rural,22,Female,1,5,5,Regular wage/salary earning,Literate,Diploma/Certificate,Unemployed,Unemployed,0.0,14844.0,Other Backward Class,1.0,1.05622434506,1.05570913428,1.05570913428,1.05570913428,TN-HH-00002348,tn_youth_skilling_stipend_003,1.0,POLICY-RUN-ADF1BD64DB,TN-SYN-P-000002348,TN-HH-00002348,True,False,ELIGIBLE_ALL_RULES_PASSED,ELIGIBLE_ALL_RULES_PASSED,R_AGE_MIN;R_AGE_MAX;R_EMPLOYMENT,,True,SELECTED,2000.0,24000.0,25337.02
TN-SYN-P-000002356,Namakkal,08,Rural,22,Female,1,5,4,Self-employed in agriculture,Literate,Diploma/Certificate,Unemployed,Unemployed,0.0,18250.0,Other Backward Class,1.0,1.05622434506,1.05570913428,1.05570913428,1.05570913428,TN-HH-00002356,tn_youth_skilling_stipend_003,1.0,POLICY-RUN-ADF1BD64DB,TN-SYN-P-000002356,TN-HH-00002356,True,False,ELIGIBLE_ALL_RULES_PASSED,ELIGIBLE_ALL_RULES_PASSED,R_AGE_MIN;R_AGE_MAX;R_EMPLOYMENT,,True,SELECTED,2000.0,24000.0,25337.02
TN-SYN-P-000002372,Coimbatore,31,Urban,21,Female,1,5,3,Self-employed in agriculture,Literate,Diploma/Certificate,Unemployed,Unemployed,0.0,25517.0,Other Backward Class,1.0,1.0223852304,1.02189038143,1.02189038143,1.02189038143,TN-HH-00002372,tn_youth_skilling_stipend_003,1.0,POLICY-RUN-ADF1BD64DB,TN-SYN-P-000002372,TN-HH-00002372,True,False,ELIGIBLE_ALL_RULES_PASSED,ELIGIBLE_ALL_RULES_PASSED,R_AGE_MIN;R_AGE_MAX;R_EMPLOYMENT,,True,SELECTED,2000.0,24000.0,24525.37
TN-SYN-P-000002418,Dharmapuri,29,Rural,22,Female,1,5,5,Regular wage/salary earning,Literate,Diploma/Certificate,Unemployed,Unemployed,0.0,14844.0,Other Backward Class,1.0,1.05622434506,1.05570913428,1.05570913428,1.05570913428,TN-HH-00002418,tn_youth_skilling_stipend_003,1.0,POLICY-RUN-ADF1BD64DB,TN-SYN-P-000002418,TN-HH-00002418,True,False,ELIGIBLE_ALL_RULES_PASSED,ELIGIBLE_ALL_RULES_PASSED,R_AGE_MIN;R_AGE_MAX;R_EMPLOYMENT,,True,SELECTED,2000.0,24000.0,25337.02
TN-SYN-P-000002467,Thoothukudi,26,Rural,24,Male,1,5,4,Casual labour in non-agriculture,Literate,Diploma/Certificate,Unemployed,Unemployed,0.0,13210.0,Other Backward Class,1.0,1.05388257177,1.0533687701,1.0533687701,1.0533687701,TN-HH-00002467,tn_youth_skilling_stipend_003,1.0,POLICY-RUN-ADF1BD64DB,TN-SYN-P-000002467,TN-HH-00002467,True,False,ELIGIBLE_ALL_RULES_PASSED,ELIGIBLE_ALL_RULES_PASSED,R_AGE_MIN;R_AGE_MAX;R_EMPLOYMENT,,True,SELECTED,2000.0,24000.0,25280.85
TN-SYN-P-000002477,Thanjavur,19,Rural,26,Male,1,5,3,Casual labour in agriculture,Literate,Diploma/Certificate,Unemployed,Unemployed,0.0,8770.0,Other Backward Class,1.0,1.05388257177,1.0533687701,1.0533687701,1.0533687701,TN-HH-00002477,tn_youth_skilling_stipend_003,1.0,POLICY-RUN-ADF1BD64DB,TN-SYN-P-000002477,TN-HH-00002477,True,False,ELIGIBLE_ALL_RULES_PASSED,ELIGIBLE_ALL_RULES_PASSED,R_AGE_MIN;R_AGE_MAX;R_EMPLOYMENT,,True,SELECTED,2000.0,24000.0,25280.85
TN-SYN-P-000002665,Virudhunagar,24,Urban,25,Female,1,5,4,Others,Literate,Diploma/Certificate,Unemployed,Unemployed,0.0,16750.0,Other Backward Class,1.0,1.0223852304,1.02189038143,1.02189038143,1.02189038143,TN-HH-00002665,tn_youth_skilling_stipend_003,1.0,POLICY-RUN-ADF1BD64DB,TN-SYN-P-000002665,TN-HH-00002665,True,False,ELIGIBLE_ALL_RULES_PASSED,ELIGIBLE_ALL_RULES_PASSED,R_AGE_MIN;R_AGE_MAX;R_EMPLOYMENT,,True,SELECTED,2000.0,24000.0,24525.37
TN-SYN-P-000002702,Kanniyakumari,28,Urban,23,Female,1,6,5,Self-employed in agriculture,Literate,Diploma/Certificate,Unemployed,Unemployed,0.0,6857.0,Other Backward Class,1.0,1.0223852304,1.02189038143,1.02189038143,1.02189038143,TN-HH-00002702,tn_youth_skilling_stipend_003,1.0,POLICY-RUN-ADF1BD64DB,TN-SYN-P-000002702,TN-HH-00002702,True,False,ELIGIBLE_ALL_RULES_PASSED,ELIGIBLE_ALL_RULES_PASSED,R_AGE_MIN;R_AGE_MAX;R_EMPLOYMENT,,True,SELECTED,2000.0,24000.0,24525.37
TN-SYN-P-000002718,Coimbatore,31,Urban,18,Male,1,6,2,Self-employed in non-agriculture,Literate,Middle,Unemployed,Unemployed,0.0,7550.0,Other Backward Class,1.0,1.0201184824,1.01962499739,1.01962499739,1.01962499739,TN-HH-00002718,tn_youth_skilling_stipend_003,1.0,POLICY-RUN-ADF1BD64DB,TN-SYN-P-000002718,TN-HH-00002718,True,False,ELIGIBLE_ALL_RULES_PASSED,ELIGIBLE_ALL_RULES_PASSED,R_AGE_MIN;R_AGE_MAX;R_EMPLOYMENT,,True,SELECTED,2000.0,24000.0,24471.0
TN-SYN-P-000002779,Tiruchirappalli,13,Urban,21,Male,1,5,4,Regular wage/salary earning,Literate,Diploma/Certificate,Unemployed,Unemployed,0.0,7237.0,Other Backward Class,1.0,1.0201184824,1.01962499739,1.01962499739,1.01962499739,TN-HH-00002779,tn_youth_skilling_stipend_003,1.0,POLICY-RUN-ADF1BD64DB,TN-SYN-P-000002779,TN-HH-00002779,True,False,ELIGIBLE_ALL_RULES_PASSED,ELIGIBLE_ALL_RULES_PASSED,R_AGE_MIN;R_AGE_MAX;R_EMPLOYMENT,,True,SELECTED,2000.0,24000.0,24471.0
TN-SYN-P-000002860,Namakkal,08,Rural,24,Female,1,5,4,Regular wage/salary earning,Literate,Diploma/Certificate,Unemployed,Unemployed,0.0,10667.0,Other Backward Class,1.0,1.05622434506,1.05570913428,1.05570913428,1.05570913428,TN-HH-00002860,tn_youth_skilling_stipend_003,1.0,POLICY-RUN-ADF1BD64DB,TN-SYN-P-000002860,TN-HH-00002860,True,False,ELIGIBLE_ALL_RULES_PASSED,ELIGIBLE_ALL_RULES_PASSED,R_AGE_MIN;R_AGE_MAX;R_EMPLOYMENT,,True,SELECTED,2000.0,24000.0,25337.02
TN-SYN-P-000002882,Kancheepuram,03,Urban,24,Male,1,5,4,Self-employed in agriculture,Literate,Diploma/Certificate,Unemployed,Unemployed,0.0,13303.0,Other Backward Class,1.0,1.0201184824,1.01962499739,1.01962499739,1.01962499739,TN-HH-00002882,tn_youth_skilling_stipend_003,1.0,POLICY-RUN-ADF1BD64DB,TN-SYN-P-000002882,TN-HH-00002882,True,False,ELIGIBLE_ALL_RULES_PASSED,ELIGIBLE_ALL_RULES_PASSED,R_AGE_MIN;R_AGE_MAX;R_EMPLOYMENT,,True,SELECTED,2000.0,24000.0,24471.0
TN-SYN-P-000002906,Cuddalore,16,Rural,21,Male,1,5,5,Casual labour in non-agriculture,Literate,Diploma/Certificate,Unemployed,Unemployed,0.0,12467.0,Other Backward Class,1.0,1.05388257177,1.0533687701,1.0533687701,1.0533687701,TN-HH-00002906,tn_youth_skilling_stipend_003,1.0,POLICY-RUN-ADF1BD64DB,TN-SYN-P-000002906,TN-HH-00002906,True,False,ELIGIBLE_ALL_RULES_PASSED,ELIGIBLE_ALL_RULES_PASSED,R_AGE_MIN;R_AGE_MAX;R_EMPLOYMENT,,True,SELECTED,2000.0,24000.0,25280.85
TN-SYN-P-000002965,Cuddalore,16,Rural,21,Male,1,5,5,Casual labour in non-agriculture,Literate,Diploma/Certificate,Unemployed,Unemployed,0.0,12467.0,Other Backward Class,1.0,1.05388257177,1.0533687701,1.0533687701,1.0533687701,TN-HH-00002965,tn_youth_skilling_stipend_003,1.0,POLICY-RUN-ADF1BD64DB,TN-SYN-P-000002965,TN-HH-00002965,True,False,ELIGIBLE_ALL_RULES_PASSED,ELIGIBLE_ALL_RULES_PASSED,R_AGE_MIN;R_AGE_MAX;R_EMPLOYMENT,,True,SELECTED,2000.0,24000.0,25280.85
TN-SYN-P-000002975,Cuddalore,16,Rural,21,Male,1,5,5,Casual labour in non-agriculture,Literate,Diploma/Certificate,Unemployed,Unemployed,0.0,12467.0,Other Backward Class,1.0,1.05388257177,1.0533687701,1.0533687701,1.0533687701,TN-HH-00002975,tn_youth_skilling_stipend_003,1.0,POLICY-RUN-ADF1BD64DB,TN-SYN-P-000002975,TN-HH-00002975,True,False,ELIGIBLE_ALL_RULES_PASSED,ELIGIBLE_ALL_RULES_PASSED,R_AGE_MIN;R_AGE_MAX;R_EMPLOYMENT,,True,SELECTED,2000.0,24000.0,25280.85
TN-SYN-P-000003067,Thoothukudi,26,Rural,24,Male,1,5,4,Casual labour in non-agriculture,Literate,Diploma/Certificate,Unemployed,Unemployed,0.0,13210.0,Other Backward Class,1.0,1.05388257177,1.0533687701,1.0533687701,1.0533687701,TN-HH-00003067,tn_youth_skilling_stipend_003,1.0,POLICY-RUN-ADF1BD64DB,TN-SYN-P-000003067,TN-HH-00003067,True,False,ELIGIBLE_ALL_RULES_PASSED,ELIGIBLE_ALL_RULES_PASSED,R_AGE_MIN;R_AGE_MAX;R_EMPLOYMENT,,True,SELECTED,2000.0,24000.0,25280.85
TN-SYN-P-000003152,Cuddalore,16,Rural,19,Male,1,5,5,Self-employed in agriculture,Literate,Higher Secondary,Unemployed,Unemployed,0.0,13417.0,Other Backward Class,1.0,1.05388257177,1.0533687701,1.0533687701,1.0533687701,TN-HH-00003152,tn_youth_skilling_stipend_003,1.0,POLICY-RUN-ADF1BD64DB,TN-SYN-P-000003152,TN-HH-00003152,True,False,ELIGIBLE_ALL_RULES_PASSED,ELIGIBLE_ALL_RULES_PASSED,R_AGE_MIN;R_AGE_MAX;R_EMPLOYMENT,,True,SELECTED,2000.0,24000.0,25280.85
TN-SYN-P-000003275,Thiruvallur,01,Urban,23,Female,1,5,5,Self-employed in agriculture,Literate,Diploma/Certificate,Unemployed,Unemployed,0.0,18412.0,Scheduled Caste,1.0,0.853825977746,0.853432554931,0.853432554931,0.853432554931,TN-HH-00003275,tn_youth_skilling_stipend_003,1.0,POLICY-RUN-ADF1BD64DB,TN-SYN-P-000003275,TN-HH-00003275,True,False,ELIGIBLE_ALL_RULES_PASSED,ELIGIBLE_ALL_RULES_PASSED,R_AGE_MIN;R_AGE_MAX;R_EMPLOYMENT,,True,SELECTED,2000.0,24000.0,20482.38
TN-SYN-P-000003452,Chennai,02,Urban,28,Male,1,5,4,Self-employed in non-agriculture,Literate,Diploma/Certificate,Unemployed,Unemployed,0.0,28117.0,Other Backward Class,1.0,1.0201184824,1.01962499739,1.01962499739,1.01962499739,TN-HH-00003452,tn_youth_skilling_stipend_003,1.0,POLICY-RUN-ADF1BD64DB,TN-SYN-P-000003452,TN-HH-00003452,True,False,ELIGIBLE_ALL_RULES_PASSED,ELIGIBLE_ALL_RULES_PASSED,R_AGE_MIN;R_AGE_MAX;R_EMPLOYMENT,,True,SELECTED,2000.0,24000.0,24471.0
TN-SYN-P-000003556,Tenkasi,33,Rural,19,Male,1,5,4,Self-employed in agriculture,Literate,Higher Secondary,Unemployed,Unemployed,0.0,7620.0,Scheduled Caste,1.0,0.88013039559,0.879721144774,0.879721144774,0.879721144774,TN-HH-00003556,tn_youth_skilling_stipend_003,1.0,POLICY-RUN-ADF1BD64DB,TN-SYN-P-000003556,TN-HH-00003556,True,False,ELIGIBLE_ALL_RULES_PASSED,ELIGIBLE_ALL_RULES_PASSED,R_AGE_MIN;R_AGE_MAX;R_EMPLOYMENT,,True,SELECTED,2000.0,24000.0,21113.31
TN-SYN-P-000003624,Kancheepuram,03,Rural,27,Male,1,5,8,Regular wage/salary earning,Literate,Diploma/Certificate,Unemployed,Unemployed,0.0,35417.0,Scheduled Caste,1.0,0.88013039559,0.879721144774,0.879721144774,0.879721144774,TN-HH-00003624,tn_youth_skilling_stipend_003,1.0,POLICY-RUN-ADF1BD64DB,TN-SYN-P-000003624,TN-HH-00003624,True,False,ELIGIBLE_ALL_RULES_PASSED,ELIGIBLE_ALL_RULES_PASSED,R_AGE_MIN;R_AGE_MAX;R_EMPLOYMENT,,True,SELECTED,2000.0,24000.0,21113.31
TN-SYN-P-000003628,Namakkal,08,Rural,25,Male,1,5,2,Self-employed in non-agriculture,Literate,Diploma/Certificate,Unemployed,Unemployed,0.0,13317.0,Other Backward Class,1.0,1.05388257177,1.0533687701,1.0533687701,1.0533687701,TN-HH-00003628,tn_youth_skilling_stipend_003,1.0,POLICY-RUN-ADF1BD64DB,TN-SYN-P-000003628,TN-HH-00003628,True,False,ELIGIBLE_ALL_RULES_PASSED,ELIGIBLE_ALL_RULES_PASSED,R_AGE_MIN;R_AGE_MAX;R_EMPLOYMENT,,True,SELECTED,2000.0,24000.0,25280.85
TN-SYN-P-000003667,Namakkal,08,Rural,24,Female,1,5,4,Regular wage/salary earning,Literate,Diploma/Certificate,Unemployed,Unemployed,0.0,10667.0,Other Backward Class,1.0,1.05622434506,1.05570913428,1.05570913428,1.05570913428,TN-HH-00003667,tn_youth_skilling_stipend_003,1.0,POLICY-RUN-ADF1BD64DB,TN-SYN-P-000003667,TN-HH-00003667,True,False,ELIGIBLE_ALL_RULES_PASSED,ELIGIBLE_ALL_RULES_PASSED,R_AGE_MIN;R_AGE_MAX;R_EMPLOYMENT,,True,SELECTED,2000.0,24000.0,25337.02
TN-SYN-P-000003741,Dharmapuri,29,Rural,22,Female,1,5,5,Regular wage/salary earning,Literate,Diploma/Certificate,Unemployed,Unemployed,0.0,14844.0,Other Backward Class,1.0,1.05622434506,1.05570913428,1.05570913428,1.05570913428,TN-HH-00003741,tn_youth_skilling_stipend_003,1.0,POLICY-RUN-ADF1BD64DB,TN-SYN-P-000003741,TN-HH-00003741,True,False,ELIGIBLE_ALL_RULES_PASSED,ELIGIBLE_ALL_RULES_PASSED,R_AGE_MIN;R_AGE_MAX;R_EMPLOYMENT,,True,SELECTED,2000.0,24000.0,25337.02
TN-SYN-P-000003755,Tiruvannamalai,05,Rural,25,Male,1,1,1,Others,Literate,Diploma/Certificate,Unemployed,Unemployed,0.0,2487.0,Other Backward Class,1.0,1.05388257177,1.0533687701,1.0533687701,1.0533687701,TN-HH-00003755,tn_youth_skilling_stipend_003,1.0,POLICY-RUN-ADF1BD64DB,TN-SYN-P-000003755,TN-HH-00003755,True,False,ELIGIBLE_ALL_RULES_PASSED,ELIGIBLE_ALL_RULES_PASSED,R_AGE_MIN;R_AGE_MAX;R_EMPLOYMENT,,True,SELECTED,2000.0,24000.0,25280.85
TN-SYN-P-000003760,Thiruvallur,01,Urban,21,Male,1,5,3,Self-employed in agriculture,Literate,Diploma/Certificate,Unemployed,Unemployed,0.0,10462.0,Other Backward Class,1.0,1.0201184824,1.01962499739,1.01962499739,1.01962499739,TN-HH-00003760,tn_youth_skilling_stipend_003,1.0,POLICY-RUN-ADF1BD64DB,TN-SYN-P-000003760,TN-HH-00003760,True,False,ELIGIBLE_ALL_RULES_PASSED,ELIGIBLE_ALL_RULES_PASSED,R_AGE_MIN;R_AGE_MAX;R_EMPLOYMENT,,True,SELECTED,2000.0,24000.0,24471.0
TN-SYN-P-000003851,Dindigul,11,Urban,22,Male,1,5,4,Self-employed in non-agriculture,Literate,Diploma/Certificate,Unemployed,Unemployed,0.0,21150.0,Other Backward Class,1.0,1.0201184824,1.01962499739,1.01962499739,1.01962499739,TN-HH-00003851,tn_youth_skilling_stipend_003,1.0,POLICY-RUN-ADF1BD64DB,TN-SYN-P-000003851,TN-HH-00003851,True,False,ELIGIBLE_ALL_RULES_PASSED,ELIGIBLE_ALL_RULES_PASSED,R_AGE_MIN;R_AGE_MAX;R_EMPLOYMENT,,True,SELECTED,2000.0,24000.0,24471.0
TN-SYN-P-000003902,Tiruvannamalai,05,Rural,23,Male,2,3,6,Self-employed in agriculture,Literate,Higher Secondary,Unemployed,Unemployed,0.0,10682.0,Other Backward Class,1.0,1.05388257177,1.0533687701,1.0533687701,1.0533687701,TN-HH-00003902,tn_youth_skilling_stipend_003,1.0,POLICY-RUN-ADF1BD64DB,TN-SYN-P-000003902,TN-HH-00003902,True,False,ELIGIBLE_ALL_RULES_PASSED,ELIGIBLE_ALL_RULES_PASSED,R_AGE_MIN;R_AGE_MAX;R_EMPLOYMENT,,True,SELECTED,2000.0,24000.0,25280.85
TN-SYN-P-000003953,Salem,07,Rural,28,Female,1,5,3,Others,Literate,Diploma/Certificate,Unemployed,Unemployed,0.0,16500.0,Other Backward Class,1.0,1.05622434506,1.05570913428,1.05570913428,1.05570913428,TN-HH-00003953,tn_youth_skilling_stipend_003,1.0,POLICY-RUN-ADF1BD64DB,TN-SYN-P-000003953,TN-HH-00003953,True,False,ELIGIBLE_ALL_RULES_PASSED,ELIGIBLE_ALL_RULES_PASSED,R_AGE_MIN;R_AGE_MAX;R_EMPLOYMENT,,True,SELECTED,2000.0,24000.0,25337.02
TN-SYN-P-000004029,Dharmapuri,29,Rural,22,Female,1,5,5,Regular wage/salary earning,Literate,Diploma/Certificate,Unemployed,Unemployed,0.0,14844.0,Other Backward Class,1.0,1.05622434506,1.05570913428,1.05570913428,1.05570913428,TN-HH-00004029,tn_youth_skilling_stipend_003,1.0,POLICY-RUN-ADF1BD64DB,TN-SYN-P-000004029,TN-HH-00004029,True,False,ELIGIBLE_ALL_RULES_PASSED,ELIGIBLE_ALL_RULES_PASSED,R_AGE_MIN;R_AGE_MAX;R_EMPLOYMENT,,True,SELECTED,2000.0,24000.0,25337.02
TN-SYN-P-000004036,Chennai,02,Urban,26,Male,1,5,3,Self-employed in non-agriculture,Literate,Diploma/Certificate,Unemployed,Unemployed,0.0,29448.0,Other Backward Class,1.0,1.0201184824,1.01962499739,1.01962499739,1.01962499739,TN-HH-00004036,tn_youth_skilling_stipend_003,1.0,POLICY-RUN-ADF1BD64DB,TN-SYN-P-000004036,TN-HH-00004036,True,False,ELIGIBLE_ALL_RULES_PASSED,ELIGIBLE_ALL_RULES_PASSED,R_AGE_MIN;R_AGE_MAX;R_EMPLOYMENT,,True,SELECTED,2000.0,24000.0,24471.0
TN-SYN-P-000004149,Kancheepuram,03,Urban,24,Male,1,5,4,Self-employed in agriculture,Literate,Diploma/Certificate,Unemployed,Unemployed,0.0,13303.0,Other Backward Class,1.0,1.0201184824,1.01962499739,1.01962499739,1.01962499739,TN-HH-00004149,tn_youth_skilling_stipend_003,1.0,POLICY-RUN-ADF1BD64DB,TN-SYN-P-000004149,TN-HH-00004149,True,False,ELIGIBLE_ALL_RULES_PASSED,ELIGIBLE_ALL_RULES_PASSED,R_AGE_MIN;R_AGE_MAX;R_EMPLOYMENT,,True,SELECTED,2000.0,24000.0,24471.0
TN-SYN-P-000004187,Dharmapuri,29,Rural,22,Female,1,5,5,Regular wage/salary earning,Literate,Diploma/Certificate,Unemployed,Unemployed,0.0,14844.0,Other Backward Class,1.0,1.05622434506,1.05570913428,1.05570913428,1.05570913428,TN-HH-00004187,tn_youth_skilling_stipend_003,1.0,POLICY-RUN-ADF1BD64DB,TN-SYN-P-000004187,TN-HH-00004187,True,False,ELIGIBLE_ALL_RULES_PASSED,ELIGIBLE_ALL_RULES_PASSED,R_AGE_MIN;R_AGE_MAX;R_EMPLOYMENT,,True,SELECTED,2000.0,24000.0,25337.02
TN-SYN-P-000004230,Tenkasi,33,Urban,26,Female,1,5,3,Self-employed in non-agriculture,Literate,Diploma/Certificate,Unemployed,Unemployed,0.0,25930.0,Others,1.0,1.0223852304,1.02189038143,1.02189038143,1.02189038143,TN-HH-00004230,tn_youth_skilling_stipend_003,1.0,POLICY-RUN-ADF1BD64DB,TN-SYN-P-000004230,TN-HH-00004230,True,False,ELIGIBLE_ALL_RULES_PASSED,ELIGIBLE_ALL_RULES_PASSED,R_AGE_MIN;R_AGE_MAX;R_EMPLOYMENT,,True,SELECTED,2000.0,24000.0,24525.37
TN-SYN-P-000004310,Perambalur,14,Urban,23,Male,1,5,4,Self-employed in agriculture,Literate,Diploma/Certificate,Unemployed,Unemployed,0.0,11783.0,Other Backward Class,1.0,1.0201184824,1.01962499739,1.01962499739,1.01962499739,TN-HH-00004310,tn_youth_skilling_stipend_003,1.0,POLICY-RUN-ADF1BD64DB,TN-SYN-P-000004310,TN-HH-00004310,True,False,ELIGIBLE_ALL_RULES_PASSED,ELIGIBLE_ALL_RULES_PASSED,R_AGE_MIN;R_AGE_MAX;R_EMPLOYMENT,,True,SELECTED,2000.0,24000.0,24471.0
TN-SYN-P-000004317,Viluppuram,06,Urban,24,Female,1,5,6,Self-employed in agriculture,Literate,Diploma/Certificate,Unemployed,Unemployed,0.0,10225.0,Other Backward Class,1.0,1.0223852304,1.02189038143,1.02189038143,1.02189038143,TN-HH-00004317,tn_youth_skilling_stipend_003,1.0,POLICY-RUN-ADF1BD64DB,TN-SYN-P-000004317,TN-HH-00004317,True,False,ELIGIBLE_ALL_RULES_PASSED,ELIGIBLE_ALL_RULES_PASSED,R_AGE_MIN;R_AGE_MAX;R_EMPLOYMENT,,True,SELECTED,2000.0,24000.0,24525.37
TN-SYN-P-000004466,Cuddalore,16,Urban,28,Male,1,5,5,Self-employed in agriculture,Literate,Diploma/Certificate,Unemployed,Unemployed,0.0,22050.0,Other Backward Class,1.0,1.0201184824,1.01962499739,1.01962499739,1.01962499739,TN-HH-00004466,tn_youth_skilling_stipend_003,1.0,POLICY-RUN-ADF1BD64DB,TN-SYN-P-000004466,TN-HH-00004466,True,False,ELIGIBLE_ALL_RULES_PASSED,ELIGIBLE_ALL_RULES_PASSED,R_AGE_MIN;R_AGE_MAX;R_EMPLOYMENT,,True,SELECTED,2000.0,24000.0,24471.0
TN-SYN-P-000004500,Kancheepuram,03,Rural,27,Male,1,5,8,Regular wage/salary earning,Literate,Diploma/Certificate,Unemployed,Unemployed,0.0,35417.0,Scheduled Caste,1.0,0.88013039559,0.879721144774,0.879721144774,0.879721144774,TN-HH-00004500,tn_youth_skilling_stipend_003,1.0,POLICY-RUN-ADF1BD64DB,TN-SYN-P-000004500,TN-HH-00004500,True,False,ELIGIBLE_ALL_RULES_PASSED,ELIGIBLE_ALL_RULES_PASSED,R_AGE_MIN;R_AGE_MAX;R_EMPLOYMENT,,True,SELECTED,2000.0,24000.0,21113.31
TN-SYN-P-000004581,Thiruvarur,18,Rural,24,Female,2,4,5,Regular wage/salary earning,Literate,Diploma/Certificate,Unemployed,Unemployed,0.0,17192.0,Other Backward Class,1.0,1.05622434506,1.05570913428,1.05570913428,1.05570913428,TN-HH-00004581,tn_youth_skilling_stipend_003,1.0,POLICY-RUN-ADF1BD64DB,TN-SYN-P-000004581,TN-HH-00004581,True,False,ELIGIBLE_ALL_RULES_PASSED,ELIGIBLE_ALL_RULES_PASSED,R_AGE_MIN;R_AGE_MAX;R_EMPLOYMENT,,True,SELECTED,2000.0,24000.0,25337.02
TN-SYN-P-000004590,Tirunelveli,27,Rural,22,Male,1,5,5,Self-employed in non-agriculture,Literate,Middle,Unemployed,Unemployed,0.0,17175.0,Other Backward Class,1.0,1.05388257177,1.0533687701,1.0533687701,1.0533687701,TN-HH-00004590,tn_youth_skilling_stipend_003,1.0,POLICY-RUN-ADF1BD64DB,TN-SYN-P-000004590,TN-HH-00004590,True,False,ELIGIBLE_ALL_RULES_PASSED,ELIGIBLE_ALL_RULES_PASSED,R_AGE_MIN;R_AGE_MAX;R_EMPLOYMENT,,True,SELECTED,2000.0,24000.0,25280.85
TN-SYN-P-000004656,Cuddalore,16,Rural,25,Male,1,5,5,Self-employed in agriculture,Literate,Diploma/Certificate,Unemployed,Unemployed,0.0,9783.0,Other Backward Class,1.0,1.05388257177,1.0533687701,1.0533687701,1.0533687701,TN-HH-00004656,tn_youth_skilling_stipend_003,1.0,POLICY-RUN-ADF1BD64DB,TN-SYN-P-000004656,TN-HH-00004656,True,False,ELIGIBLE_ALL_RULES_PASSED,ELIGIBLE_ALL_RULES_PASSED,R_AGE_MIN;R_AGE_MAX;R_EMPLOYMENT,,True,SELECTED,2000.0,24000.0,25280.85
TN-SYN-P-000004681,Mayiladuthurai,38,Rural,22,Male,1,5,4,Casual labour in non-agriculture,Literate,Diploma/Certificate,Unemployed,Unemployed,0.0,13910.0,Other Backward Class,1.0,1.05388257177,1.0533687701,1.0533687701,1.0533687701,TN-HH-00004681,tn_youth_skilling_stipend_003,1.0,POLICY-RUN-ADF1BD64DB,TN-SYN-P-000004681,TN-HH-00004681,True,False,ELIGIBLE_ALL_RULES_PASSED,ELIGIBLE_ALL_RULES_PASSED,R_AGE_MIN;R_AGE_MAX;R_EMPLOYMENT,,True,SELECTED,2000.0,24000.0,25280.85
TN-SYN-P-000004704,Chennai,02,Urban,26,Male,1,5,3,Self-employed in non-agriculture,Literate,Diploma/Certificate,Unemployed,Unemployed,0.0,29448.0,Other Backward Class,1.0,1.0201184824,1.01962499739,1.01962499739,1.01962499739,TN-HH-00004704,tn_youth_skilling_stipend_003,1.0,POLICY-RUN-ADF1BD64DB,TN-SYN-P-000004704,TN-HH-00004704,True,False,ELIGIBLE_ALL_RULES_PASSED,ELIGIBLE_ALL_RULES_PASSED,R_AGE_MIN;R_AGE_MAX;R_EMPLOYMENT,,True,SELECTED,2000.0,24000.0,24471.0
TN-SYN-P-000004730,Ramanathapuram,25,Urban,23,Male,1,5,5,Self-employed in agriculture,Literate,Diploma/Certificate,Unemployed,Unemployed,0.0,13233.0,Other Backward Class,1.0,1.0201184824,1.01962499739,1.01962499739,1.01962499739,TN-HH-00004730,tn_youth_skilling_stipend_003,1.0,POLICY-RUN-ADF1BD64DB,TN-SYN-P-000004730,TN-HH-00004730,True,False,ELIGIBLE_ALL_RULES_PASSED,ELIGIBLE_ALL_RULES_PASSED,R_AGE_MIN;R_AGE_MAX;R_EMPLOYMENT,,True,SELECTED,2000.0,24000.0,24471.0
TN-SYN-P-000004750,Kancheepuram,03,Rural,22,Male,1,5,2,Self-employed in non-agriculture,Literate,Higher Secondary,Unemployed,Unemployed,0.0,12430.0,Scheduled Caste,1.0,0.88013039559,0.879721144774,0.879721144774,0.879721144774,TN-HH-00004750,tn_youth_skilling_stipend_003,1.0,POLICY-RUN-ADF1BD64DB,TN-SYN-P-000004750,TN-HH-00004750,True,False,ELIGIBLE_ALL_RULES_PASSED,ELIGIBLE_ALL_RULES_PASSED,R_AGE_MIN;R_AGE_MAX;R_EMPLOYMENT,,True,SELECTED,2000.0,24000.0,21113.31
TN-SYN-P-000004775,Thanjavur,19,Rural,27,Female,2,8,7,Self-employed in non-agriculture,Literate,Diploma/Certificate,Unemployed,Unemployed,0.0,18595.0,Scheduled Caste,1.0,0.88208608392,0.881675656319,0.881675656319,0.881675656319,TN-HH-00004775,tn_youth_skilling_stipend_003,1.0,POLICY-RUN-ADF1BD64DB,TN-SYN-P-000004775,TN-HH-00004775,True,False,ELIGIBLE_ALL_RULES_PASSED,ELIGIBLE_ALL_RULES_PASSED,R_AGE_MIN;R_AGE_MAX;R_EMPLOYMENT,,True,SELECTED,2000.0,24000.0,21160.22
TN-SYN-P-000004891,Cuddalore,16,Rural,19,Male,1,5,5,Self-employed in agriculture,Literate,Higher Secondary,Unemployed,Unemployed,0.0,13417.0,Other Backward Class,1.0,1.05388257177,1.0533687701,1.0533687701,1.0533687701,TN-HH-00004891,tn_youth_skilling_stipend_003,1.0,POLICY-RUN-ADF1BD64DB,TN-SYN-P-000004891,TN-HH-00004891,True,False,ELIGIBLE_ALL_RULES_PASSED,ELIGIBLE_ALL_RULES_PASSED,R_AGE_MIN;R_AGE_MAX;R_EMPLOYMENT,,True,SELECTED,2000.0,24000.0,25280.85
TN-SYN-P-000004925,Karur,12,Rural,22,Female,1,5,4,Self-employed in non-agriculture,Literate,Diploma/Certificate,Unemployed,Unemployed,0.0,6742.0,Scheduled Caste,1.0,0.88208608392,0.881675656319,0.881675656319,0.881675656319,TN-HH-00004925,tn_youth_skilling_stipend_003,1.0,POLICY-RUN-ADF1BD64DB,TN-SYN-P-000004925,TN-HH-00004925,True,False,ELIGIBLE_ALL_RULES_PASSED,ELIGIBLE_ALL_RULES_PASSED,R_AGE_MIN;R_AGE_MAX;R_EMPLOYMENT,,True,SELECTED,2000.0,24000.0,21160.22
TN-SYN-P-000005255,Mayiladuthurai,38,Rural,22,Male,1,5,4,Casual labour in non-agriculture,Literate,Diploma/Certificate,Unemployed,Unemployed,0.0,13910.0,Other Backward Class,1.0,1.05388257177,1.0533687701,1.0533687701,1.0533687701,TN-HH-00005255,tn_youth_skilling_stipend_003,1.0,POLICY-RUN-ADF1BD64DB,TN-SYN-P-000005255,TN-HH-00005255,True,False,ELIGIBLE_ALL_RULES_PASSED,ELIGIBLE_ALL_RULES_PASSED,R_AGE_MIN;R_AGE_MAX;R_EMPLOYMENT,,True,SELECTED,2000.0,24000.0,25280.85
TN-SYN-P-000005295,Thiruvallur,01,Urban,23,Female,1,5,3,Self-employed in non-agriculture,Literate,Diploma/Certificate,Unemployed,Unemployed,0.0,20177.0,Scheduled Caste,1.0,0.853825977746,0.853432554931,0.853432554931,0.853432554931,TN-HH-00005295,tn_youth_skilling_stipend_003,1.0,POLICY-RUN-ADF1BD64DB,TN-SYN-P-000005295,TN-HH-00005295,True,False,ELIGIBLE_ALL_RULES_PASSED,ELIGIBLE_ALL_RULES_PASSED,R_AGE_MIN;R_AGE_MAX;R_EMPLOYMENT,,True,SELECTED,2000.0,24000.0,20482.38
TN-SYN-P-000005566,Krishnagiri,30,Rural,23,Male,1,5,3,Self-employed in agriculture,Literate,Diploma/Certificate,Unemployed,Unemployed,0.0,12724.0,Other Backward Class,1.0,1.05388257177,1.0533687701,1.0533687701,1.0533687701,TN-HH-00005566,tn_youth_skilling_stipend_003,1.0,POLICY-RUN-ADF1BD64DB,TN-SYN-P-000005566,TN-HH-00005566,True,False,ELIGIBLE_ALL_RULES_PASSED,ELIGIBLE_ALL_RULES_PASSED,R_AGE_MIN;R_AGE_MAX;R_EMPLOYMENT,,True,SELECTED,2000.0,24000.0,25280.85
TN-SYN-P-000005572,Cuddalore,16,Rural,19,Male,1,5,5,Self-employed in agriculture,Literate,Higher Secondary,Unemployed,Unemployed,0.0,13417.0,Other Backward Class,1.0,1.05388257177,1.0533687701,1.0533687701,1.0533687701,TN-HH-00005572,tn_youth_skilling_stipend_003,1.0,POLICY-RUN-ADF1BD64DB,TN-SYN-P-000005572,TN-HH-00005572,True,False,ELIGIBLE_ALL_RULES_PASSED,ELIGIBLE_ALL_RULES_PASSED,R_AGE_MIN;R_AGE_MAX;R_EMPLOYMENT,,True,SELECTED,2000.0,24000.0,25280.85
TN-SYN-P-000005653,Namakkal,08,Rural,25,Male,1,5,2,Self-employed in non-agriculture,Literate,Diploma/Certificate,Unemployed,Unemployed,0.0,13317.0,Other Backward Class,1.0,1.05388257177,1.0533687701,1.0533687701,1.0533687701,TN-HH-00005653,tn_youth_skilling_stipend_003,1.0,POLICY-RUN-ADF1BD64DB,TN-SYN-P-000005653,TN-HH-00005653,True,False,ELIGIBLE_ALL_RULES_PASSED,ELIGIBLE_ALL_RULES_PASSED,R_AGE_MIN;R_AGE_MAX;R_EMPLOYMENT,,True,SELECTED,2000.0,24000.0,25280.85
TN-SYN-P-000005659,Madurai,22,Rural,22,Male,1,5,5,Regular wage/salary earning,Literate,Diploma/Certificate,Unemployed,Unemployed,0.0,16368.0,Other Backward Class,1.0,1.05388257177,1.0533687701,1.0533687701,1.0533687701,TN-HH-00005659,tn_youth_skilling_stipend_003,1.0,POLICY-RUN-ADF1BD64DB,TN-SYN-P-000005659,TN-HH-00005659,True,False,ELIGIBLE_ALL_RULES_PASSED,ELIGIBLE_ALL_RULES_PASSED,R_AGE_MIN;R_AGE_MAX;R_EMPLOYMENT,,True,SELECTED,2000.0,24000.0,25280.85
TN-SYN-P-000005671,Sivaganga,21,Urban,23,Female,1,5,3,Self-employed in agriculture,Literate,Diploma/Certificate,Unemployed,Unemployed,0.0,12492.0,Other Backward Class,1.0,1.0223852304,1.02189038143,1.02189038143,1.02189038143,TN-HH-00005671,tn_youth_skilling_stipend_003,1.0,POLICY-RUN-ADF1BD64DB,TN-SYN-P-000005671,TN-HH-00005671,True,False,ELIGIBLE_ALL_RULES_PASSED,ELIGIBLE_ALL_RULES_PASSED,R_AGE_MIN;R_AGE_MAX;R_EMPLOYMENT,,True,SELECTED,2000.0,24000.0,24525.37
TN-SYN-P-000005688,Thoothukudi,26,Rural,24,Male,1,5,4,Casual labour in non-agriculture,Literate,Diploma/Certificate,Unemployed,Unemployed,0.0,13210.0,Other Backward Class,1.0,1.05388257177,1.0533687701,1.0533687701,1.0533687701,TN-HH-00005688,tn_youth_skilling_stipend_003,1.0,POLICY-RUN-ADF1BD64DB,TN-SYN-P-000005688,TN-HH-00005688,True,False,ELIGIBLE_ALL_RULES_PASSED,ELIGIBLE_ALL_RULES_PASSED,R_AGE_MIN;R_AGE_MAX;R_EMPLOYMENT,,True,SELECTED,2000.0,24000.0,25280.85
TN-SYN-P-000005720,Tiruvannamalai,05,Rural,23,Male,2,3,6,Self-employed in agriculture,Literate,Higher Secondary,Unemployed,Unemployed,0.0,10682.0,Other Backward Class,1.0,1.05388257177,1.0533687701,1.0533687701,1.0533687701,TN-HH-00005720,tn_youth_skilling_stipend_003,1.0,POLICY-RUN-ADF1BD64DB,TN-SYN-P-000005720,TN-HH-00005720,True,False,ELIGIBLE_ALL_RULES_PASSED,ELIGIBLE_ALL_RULES_PASSED,R_AGE_MIN;R_AGE_MAX;R_EMPLOYMENT,,True,SELECTED,2000.0,24000.0,25280.85
TN-SYN-P-000005841,Chennai,02,Urban,21,Male,1,5,5,Self-employed in non-agriculture,Literate,Diploma/Certificate,Unemployed,Unemployed,0.0,14403.0,Other Backward Class,1.0,1.0201184824,1.01962499739,1.01962499739,1.01962499739,TN-HH-00005841,tn_youth_skilling_stipend_003,1.0,POLICY-RUN-ADF1BD64DB,TN-SYN-P-000005841,TN-HH-00005841,True,False,ELIGIBLE_ALL_RULES_PASSED,ELIGIBLE_ALL_RULES_PASSED,R_AGE_MIN;R_AGE_MAX;R_EMPLOYMENT,,True,SELECTED,2000.0,24000.0,24471.0
TN-SYN-P-000005847,Chennai,02,Urban,25,Male,1,5,7,Self-employed in agriculture,Literate,Diploma/Certificate,Unemployed,Unemployed,0.0,44394.0,Other Backward Class,1.0,1.0201184824,1.01962499739,1.01962499739,1.01962499739,TN-HH-00005847,tn_youth_skilling_stipend_003,1.0,POLICY-RUN-ADF1BD64DB,TN-SYN-P-000005847,TN-HH-00005847,True,False,ELIGIBLE_ALL_RULES_PASSED,ELIGIBLE_ALL_RULES_PASSED,R_AGE_MIN;R_AGE_MAX;R_EMPLOYMENT,,True,SELECTED,2000.0,24000.0,24471.0
TN-SYN-P-000006002,Namakkal,08,Rural,24,Female,1,5,4,Regular wage/salary earning,Literate,Diploma/Certificate,Unemployed,Unemployed,0.0,10667.0,Other Backward Class,1.0,1.05622434506,1.05570913428,1.05570913428,1.05570913428,TN-HH-00006002,tn_youth_skilling_stipend_003,1.0,POLICY-RUN-ADF1BD64DB,TN-SYN-P-000006002,TN-HH-00006002,True,False,ELIGIBLE_ALL_RULES_PASSED,ELIGIBLE_ALL_RULES_PASSED,R_AGE_MIN;R_AGE_MAX;R_EMPLOYMENT,,True,SELECTED,2000.0,24000.0,25337.02
TN-SYN-P-000006065,Dharmapuri,29,Rural,22,Female,1,5,5,Regular wage/salary earning,Literate,Diploma/Certificate,Unemployed,Unemployed,0.0,14844.0,Other Backward Class,1.0,1.05622434506,1.05570913428,1.05570913428,1.05570913428,TN-HH-00006065,tn_youth_skilling_stipend_003,1.0,POLICY-RUN-ADF1BD64DB,TN-SYN-P-000006065,TN-HH-00006065,True,False,ELIGIBLE_ALL_RULES_PASSED,ELIGIBLE_ALL_RULES_PASSED,R_AGE_MIN;R_AGE_MAX;R_EMPLOYMENT,,True,SELECTED,2000.0,24000.0,25337.02
TN-SYN-P-000006268,Cuddalore,16,Rural,30,Female,1,5,3,Self-employed in agriculture,Literate,Diploma/Certificate,Unemployed,Unemployed,0.0,8450.0,Scheduled Caste,1.0,0.88208608392,0.881675656319,0.881675656319,0.881675656319,TN-HH-00006268,tn_youth_skilling_stipend_003,1.0,POLICY-RUN-ADF1BD64DB,TN-SYN-P-000006268,TN-HH-00006268,True,False,ELIGIBLE_ALL_RULES_PASSED,ELIGIBLE_ALL_RULES_PASSED,R_AGE_MIN;R_AGE_MAX;R_EMPLOYMENT,,True,SELECTED,2000.0,24000.0,21160.22
TN-SYN-P-000006315,Coimbatore,31,Urban,21,Female,1,5,3,Self-employed in agriculture,Literate,Diploma/Certificate,Unemployed,Unemployed,0.0,25517.0,Other Backward Class,1.0,1.0223852304,1.02189038143,1.02189038143,1.02189038143,TN-HH-00006315,tn_youth_skilling_stipend_003,1.0,POLICY-RUN-ADF1BD64DB,TN-SYN-P-000006315,TN-HH-00006315,True,False,ELIGIBLE_ALL_RULES_PASSED,ELIGIBLE_ALL_RULES_PASSED,R_AGE_MIN;R_AGE_MAX;R_EMPLOYMENT,,True,SELECTED,2000.0,24000.0,24525.37
TN-SYN-P-000006382,Kallakurichi,34,Rural,22,Male,1,5,4,Self-employed in agriculture,Literate,Diploma/Certificate,Unemployed,Unemployed,0.0,8317.0,Scheduled Caste,1.0,0.88013039559,0.879721144774,0.879721144774,0.879721144774,TN-HH-00006382,tn_youth_skilling_stipend_003,1.0,POLICY-RUN-ADF1BD64DB,TN-SYN-P-000006382,TN-HH-00006382,True,False,ELIGIBLE_ALL_RULES_PASSED,ELIGIBLE_ALL_RULES_PASSED,R_AGE_MIN;R_AGE_MAX;R_EMPLOYMENT,,True,SELECTED,2000.0,24000.0,21113.31
TN-SYN-P-000006474,Thoothukudi,26,Urban,22,Male,1,5,4,Self-employed in non-agriculture,Literate,Diploma/Certificate,Unemployed,Unemployed,0.0,24140.0,Other Backward Class,1.0,1.0201184824,1.01962499739,1.01962499739,1.01962499739,TN-HH-00006474,tn_youth_skilling_stipend_003,1.0,POLICY-RUN-ADF1BD64DB,TN-SYN-P-000006474,TN-HH-00006474,True,False,ELIGIBLE_ALL_RULES_PASSED,ELIGIBLE_ALL_RULES_PASSED,R_AGE_MIN;R_AGE_MAX;R_EMPLOYMENT,,True,SELECTED,2000.0,24000.0,24471.0
TN-SYN-P-000006482,Vellore,04,Rural,23,Female,1,5,5,Regular wage/salary earning,Literate,Diploma/Certificate,Unemployed,Unemployed,0.0,10940.0,Other Backward Class,1.0,1.05622434506,1.05570913428,1.05570913428,1.05570913428,TN-HH-00006482,tn_youth_skilling_stipend_003,1.0,POLICY-RUN-ADF1BD64DB,TN-SYN-P-000006482,TN-HH-00006482,True,False,ELIGIBLE_ALL_RULES_PASSED,ELIGIBLE_ALL_RULES_PASSED,R_AGE_MIN;R_AGE_MAX;R_EMPLOYMENT,,True,SELECTED,2000.0,24000.0,25337.02
TN-SYN-P-000006523,Salem,07,Urban,20,Female,1,5,4,Self-employed in non-agriculture,Literate,Diploma/Certificate,Unemployed,Unemployed,0.0,11117.0,Other Backward Class,1.0,1.0223852304,1.02189038143,1.02189038143,1.02189038143,TN-HH-00006523,tn_youth_skilling_stipend_003,1.0,POLICY-RUN-ADF1BD64DB,TN-SYN-P-000006523,TN-HH-00006523,True,False,ELIGIBLE_ALL_RULES_PASSED,ELIGIBLE_ALL_RULES_PASSED,R_AGE_MIN;R_AGE_MAX;R_EMPLOYMENT,,True,SELECTED,2000.0,24000.0,24525.37
TN-SYN-P-000006596,Dharmapuri,29,Rural,22,Female,1,5,5,Regular wage/salary earning,Literate,Diploma/Certificate,Unemployed,Unemployed,0.0,14844.0,Other Backward Class,1.0,1.05622434506,1.05570913428,1.05570913428,1.05570913428,TN-HH-00006596,tn_youth_skilling_stipend_003,1.0,POLICY-RUN-ADF1BD64DB,TN-SYN-P-000006596,TN-HH-00006596,True,False,ELIGIBLE_ALL_RULES_PASSED,ELIGIBLE_ALL_RULES_PASSED,R_AGE_MIN;R_AGE_MAX;R_EMPLOYMENT,,True,SELECTED,2000.0,24000.0,25337.02
TN-SYN-P-000006688,Thoothukudi,26,Urban,23,Female,1,5,4,Self-employed in agriculture,Literate,Diploma/Certificate,Unemployed,Unemployed,0.0,16358.0,Other Backward Class,1.0,1.0223852304,1.02189038143,1.02189038143,1.02189038143,TN-HH-00006688,tn_youth_skilling_stipend_003,1.0,POLICY-RUN-ADF1BD64DB,TN-SYN-P-000006688,TN-HH-00006688,True,False,ELIGIBLE_ALL_RULES_PASSED,ELIGIBLE_ALL_RULES_PASSED,R_AGE_MIN;R_AGE_MAX;R_EMPLOYMENT,,True,SELECTED,2000.0,24000.0,24525.37
TN-SYN-P-000006833,Cuddalore,16,Rural,21,Male,1,5,5,Casual labour in non-agriculture,Literate,Diploma/Certificate,Unemployed,Unemployed,0.0,12467.0,Other Backward Class,1.0,1.05388257177,1.0533687701,1.0533687701,1.0533687701,TN-HH-00006833,tn_youth_skilling_stipend_003,1.0,POLICY-RUN-ADF1BD64DB,TN-SYN-P-000006833,TN-HH-00006833,True,False,ELIGIBLE_ALL_RULES_PASSED,ELIGIBLE_ALL_RULES_PASSED,R_AGE_MIN;R_AGE_MAX;R_EMPLOYMENT,,True,SELECTED,2000.0,24000.0,25280.85
TN-SYN-P-000006934,Salem,07,Rural,25,Male,1,5,3,Others,Literate,Diploma/Certificate,Unemployed,Unemployed,0.0,10883.0,Scheduled Caste,1.0,0.88013039559,0.879721144774,0.879721144774,0.879721144774,TN-HH-00006934,tn_youth_skilling_stipend_003,1.0,POLICY-RUN-ADF1BD64DB,TN-SYN-P-000006934,TN-HH-00006934,True,False,ELIGIBLE_ALL_RULES_PASSED,ELIGIBLE_ALL_RULES_PASSED,R_AGE_MIN;R_AGE_MAX;R_EMPLOYMENT,,True,SELECTED,2000.0,24000.0,21113.31
TN-SYN-P-000006972,Vellore,04,Rural,23,Male,1,5,4,Self-employed in agriculture,Literate,Diploma/Certificate,Unemployed,Unemployed,0.0,12435.0,Other Backward Class,1.0,1.05388257177,1.0533687701,1.0533687701,1.0533687701,TN-HH-00006972,tn_youth_skilling_stipend_003,1.0,POLICY-RUN-ADF1BD64DB,TN-SYN-P-000006972,TN-HH-00006972,True,False,ELIGIBLE_ALL_RULES_PASSED,ELIGIBLE_ALL_RULES_PASSED,R_AGE_MIN;R_AGE_MAX;R_EMPLOYMENT,,True,SELECTED,2000.0,24000.0,25280.85
TN-SYN-P-000006975,Thanjavur,19,Rural,27,Female,2,8,7,Self-employed in non-agriculture,Literate,Diploma/Certificate,Unemployed,Unemployed,0.0,18595.0,Scheduled Caste,1.0,0.88208608392,0.881675656319,0.881675656319,0.881675656319,TN-HH-00006975,tn_youth_skilling_stipend_003,1.0,POLICY-RUN-ADF1BD64DB,TN-SYN-P-000006975,TN-HH-00006975,True,False,ELIGIBLE_ALL_RULES_PASSED,ELIGIBLE_ALL_RULES_PASSED,R_AGE_MIN;R_AGE_MAX;R_EMPLOYMENT,,True,SELECTED,2000.0,24000.0,21160.22
TN-SYN-P-000007063,Namakkal,08,Rural,24,Female,1,5,4,Regular wage/salary earning,Literate,Diploma/Certificate,Unemployed,Unemployed,0.0,10667.0,Other Backward Class,1.0,1.05622434506,1.05570913428,1.05570913428,1.05570913428,TN-HH-00007063,tn_youth_skilling_stipend_003,1.0,POLICY-RUN-ADF1BD64DB,TN-SYN-P-000007063,TN-HH-00007063,True,False,ELIGIBLE_ALL_RULES_PASSED,ELIGIBLE_ALL_RULES_PASSED,R_AGE_MIN;R_AGE_MAX;R_EMPLOYMENT,,True,SELECTED,2000.0,24000.0,25337.02
TN-SYN-P-000007103,Theni,23,Urban,27,Male,2,3,5,Self-employed in non-agriculture,Literate,Diploma/Certificate,Unemployed,Unemployed,0.0,25926.0,Other Backward Class,1.0,1.0201184824,1.01962499739,1.01962499739,1.01962499739,TN-HH-00007103,tn_youth_skilling_stipend_003,1.0,POLICY-RUN-ADF1BD64DB,TN-SYN-P-000007103,TN-HH-00007103,True,False,ELIGIBLE_ALL_RULES_PASSED,ELIGIBLE_ALL_RULES_PASSED,R_AGE_MIN;R_AGE_MAX;R_EMPLOYMENT,,True,SELECTED,2000.0,24000.0,24471.0
TN-SYN-P-000007115,Cuddalore,16,Rural,28,Male,1,5,3,Casual labour in agriculture,Literate,Diploma/Certificate,Unemployed,Unemployed,0.0,4742.0,Scheduled Caste,1.0,0.88013039559,0.879721144774,0.879721144774,0.879721144774,TN-HH-00007115,tn_youth_skilling_stipend_003,1.0,POLICY-RUN-ADF1BD64DB,TN-SYN-P-000007115,TN-HH-00007115,True,False,ELIGIBLE_ALL_RULES_PASSED,ELIGIBLE_ALL_RULES_PASSED,R_AGE_MIN;R_AGE_MAX;R_EMPLOYMENT,,True,SELECTED,2000.0,24000.0,21113.31
TN-SYN-P-000007117,Tiruchirappalli,13,Urban,18,Male,1,5,4,Self-employed in non-agriculture,Literate,Secondary,Unemployed,Unemployed,0.0,6996.0,Other Backward Class,1.0,1.0201184824,1.01962499739,1.01962499739,1.01962499739,TN-HH-00007117,tn_youth_skilling_stipend_003,1.0,POLICY-RUN-ADF1BD64DB,TN-SYN-P-000007117,TN-HH-00007117,True,False,ELIGIBLE_ALL_RULES_PASSED,ELIGIBLE_ALL_RULES_PASSED,R_AGE_MIN;R_AGE_MAX;R_EMPLOYMENT,,True,SELECTED,2000.0,24000.0,24471.0
TN-SYN-P-000007228,Chennai,02,Urban,26,Male,1,5,5,Self-employed in agriculture,Literate,Higher Secondary,Unemployed,Unemployed,0.0,21337.0,Others,1.0,1.0201184824,1.01962499739,1.01962499739,1.01962499739,TN-HH-00007228,tn_youth_skilling_stipend_003,1.0,POLICY-RUN-ADF1BD64DB,TN-SYN-P-000007228,TN-HH-00007228,True,False,ELIGIBLE_ALL_RULES_PASSED,ELIGIBLE_ALL_RULES_PASSED,R_AGE_MIN;R_AGE_MAX;R_EMPLOYMENT,,True,SELECTED,2000.0,24000.0,24471.0
TN-SYN-P-000007236,Thiruvallur,01,Urban,22,Female,1,5,3,Self-employed in non-agriculture,Literate,Diploma/Certificate,Unemployed,Unemployed,0.0,15677.0,Others,1.0,1.0223852304,1.02189038143,1.02189038143,1.02189038143,TN-HH-00007236,tn_youth_skilling_stipend_003,1.0,POLICY-RUN-ADF1BD64DB,TN-SYN-P-000007236,TN-HH-00007236,True,False,ELIGIBLE_ALL_RULES_PASSED,ELIGIBLE_ALL_RULES_PASSED,R_AGE_MIN;R_AGE_MAX;R_EMPLOYMENT,,True,SELECTED,2000.0,24000.0,24525.37
TN-SYN-P-000007368,Thanjavur,19,Rural,26,Male,1,5,3,Casual labour in agriculture,Literate,Diploma/Certificate,Unemployed,Unemployed,0.0,8770.0,Other Backward Class,1.0,1.05388257177,1.0533687701,1.0533687701,1.0533687701,TN-HH-00007368,tn_youth_skilling_stipend_003,1.0,POLICY-RUN-ADF1BD64DB,TN-SYN-P-000007368,TN-HH-00007368,True,False,ELIGIBLE_ALL_RULES_PASSED,ELIGIBLE_ALL_RULES_PASSED,R_AGE_MIN;R_AGE_MAX;R_EMPLOYMENT,,True,SELECTED,2000.0,24000.0,25280.85
TN-SYN-P-000007396,Unknown,37,Rural,22,Male,1,5,4,Self-employed in non-agriculture,Literate,Diploma/Certificate,Unemployed,Unemployed,0.0,14430.0,Scheduled Caste,1.0,0.88013039559,0.879721144774,0.879721144774,0.879721144774,TN-HH-00007396,tn_youth_skilling_stipend_003,1.0,POLICY-RUN-ADF1BD64DB,TN-SYN-P-000007396,TN-HH-00007396,True,False,ELIGIBLE_ALL_RULES_PASSED,ELIGIBLE_ALL_RULES_PASSED,R_AGE_MIN;R_AGE_MAX;R_EMPLOYMENT,,True,SELECTED,2000.0,24000.0,21113.31
TN-SYN-P-000007423,Kancheepuram,03,Rural,27,Male,1,5,8,Regular wage/salary earning,Literate,Diploma/Certificate,Unemployed,Unemployed,0.0,35417.0,Scheduled Caste,1.0,0.88013039559,0.879721144774,0.879721144774,0.879721144774,TN-HH-00007423,tn_youth_skilling_stipend_003,1.0,POLICY-RUN-ADF1BD64DB,TN-SYN-P-000007423,TN-HH-00007423,True,False,ELIGIBLE_ALL_RULES_PASSED,ELIGIBLE_ALL_RULES_PASSED,R_AGE_MIN;R_AGE_MAX;R_EMPLOYMENT,,True,SELECTED,2000.0,24000.0,21113.31
TN-SYN-P-000007491,Mayiladuthurai,38,Rural,28,Male,1,5,4,Self-employed in agriculture,Literate,Diploma/Certificate,Unemployed,Unemployed,0.0,20088.0,Other Backward Class,1.0,1.05388257177,1.0533687701,1.0533687701,1.0533687701,TN-HH-00007491,tn_youth_skilling_stipend_003,1.0,POLICY-RUN-ADF1BD64DB,TN-SYN-P-000007491,TN-HH-00007491,True,False,ELIGIBLE_ALL_RULES_PASSED,ELIGIBLE_ALL_RULES_PASSED,R_AGE_MIN;R_AGE_MAX;R_EMPLOYMENT,,True,SELECTED,2000.0,24000.0,25280.85
TN-SYN-P-000007556,Thoothukudi,26,Rural,20,Female,1,5,4,Casual labour in agriculture,Literate,Diploma/Certificate,Unemployed,Unemployed,0.0,12200.0,Scheduled Caste,1.0,0.88208608392,0.881675656319,0.881675656319,0.881675656319,TN-HH-00007556,tn_youth_skilling_stipend_003,1.0,POLICY-RUN-ADF1BD64DB,TN-SYN-P-000007556,TN-HH-00007556,True,False,ELIGIBLE_ALL_RULES_PASSED,ELIGIBLE_ALL_RULES_PASSED,R_AGE_MIN;R_AGE_MAX;R_EMPLOYMENT,,True,SELECTED,2000.0,24000.0,21160.22
TN-SYN-P-000007651,Cuddalore,16,Rural,30,Female,1,5,3,Self-employed in agriculture,Literate,Diploma/Certificate,Unemployed,Unemployed,0.0,8450.0,Scheduled Caste,1.0,0.88208608392,0.881675656319,0.881675656319,0.881675656319,TN-HH-00007651,tn_youth_skilling_stipend_003,1.0,POLICY-RUN-ADF1BD64DB,TN-SYN-P-000007651,TN-HH-00007651,True,False,ELIGIBLE_ALL_RULES_PASSED,ELIGIBLE_ALL_RULES_PASSED,R_AGE_MIN;R_AGE_MAX;R_EMPLOYMENT,,True,SELECTED,2000.0,24000.0,21160.22
TN-SYN-P-000007659,Thanjavur,19,Urban,27,Male,1,5,3,Regular wage/salary earning,Literate,Higher Secondary,Unemployed,Unemployed,0.0,11725.0,Other Backward Class,1.0,1.0201184824,1.01962499739,1.01962499739,1.01962499739,TN-HH-00007659,tn_youth_skilling_stipend_003,1.0,POLICY-RUN-ADF1BD64DB,TN-SYN-P-000007659,TN-HH-00007659,True,False,ELIGIBLE_ALL_RULES_PASSED,ELIGIBLE_ALL_RULES_PASSED,R_AGE_MIN;R_AGE_MAX;R_EMPLOYMENT,,True,SELECTED,2000.0,24000.0,24471.0
TN-SYN-P-000007753,Thoothukudi,26,Rural,24,Male,1,5,4,Casual labour in non-agriculture,Literate,Diploma/Certificate,Unemployed,Unemployed,0.0,13210.0,Other Backward Class,1.0,1.05388257177,1.0533687701,1.0533687701,1.0533687701,TN-HH-00007753,tn_youth_skilling_stipend_003,1.0,POLICY-RUN-ADF1BD64DB,TN-SYN-P-000007753,TN-HH-00007753,True,False,ELIGIBLE_ALL_RULES_PASSED,ELIGIBLE_ALL_RULES_PASSED,R_AGE_MIN;R_AGE_MAX;R_EMPLOYMENT,,True,SELECTED,2000.0,24000.0,25280.85
TN-SYN-P-000007761,Tenkasi,33,Rural,22,Male,1,5,4,Regular wage/salary earning,Literate,Diploma/Certificate,Unemployed,Unemployed,0.0,13443.0,Scheduled Caste,1.0,0.88013039559,0.879721144774,0.879721144774,0.879721144774,TN-HH-00007761,tn_youth_skilling_stipend_003,1.0,POLICY-RUN-ADF1BD64DB,TN-SYN-P-000007761,TN-HH-00007761,True,False,ELIGIBLE_ALL_RULES_PASSED,ELIGIBLE_ALL_RULES_PASSED,R_AGE_MIN;R_AGE_MAX;R_EMPLOYMENT,,True,SELECTED,2000.0,24000.0,21113.31
TN-SYN-P-000007880,Kanniyakumari,28,Urban,23,Female,1,6,5,Self-employed in agriculture,Literate,Diploma/Certificate,Unemployed,Unemployed,0.0,6857.0,Other Backward Class,1.0,1.0223852304,1.02189038143,1.02189038143,1.02189038143,TN-HH-00007880,tn_youth_skilling_stipend_003,1.0,POLICY-RUN-ADF1BD64DB,TN-SYN-P-000007880,TN-HH-00007880,True,False,ELIGIBLE_ALL_RULES_PASSED,ELIGIBLE_ALL_RULES_PASSED,R_AGE_MIN;R_AGE_MAX;R_EMPLOYMENT,,True,SELECTED,2000.0,24000.0,24525.37
TN-SYN-P-000007960,Thiruvallur,01,Rural,23,Female,2,4,7,Self-employed in non-agriculture,Literate,Higher Secondary,Unemployed,Unemployed,0.0,26048.0,Other Backward Class,1.0,1.05622434506,1.05570913428,1.05570913428,1.05570913428,TN-HH-00007960,tn_youth_skilling_stipend_003,1.0,POLICY-RUN-ADF1BD64DB,TN-SYN-P-000007960,TN-HH-00007960,True,False,ELIGIBLE_ALL_RULES_PASSED,ELIGIBLE_ALL_RULES_PASSED,R_AGE_MIN;R_AGE_MAX;R_EMPLOYMENT,,True,SELECTED,2000.0,24000.0,25337.02
TN-SYN-P-000008091,Pudukkottai,20,Rural,19,Male,1,5,4,Regular wage/salary earning,Literate,Secondary,Unemployed,Unemployed,0.0,12533.0,Other Backward Class,1.0,1.05388257177,1.0533687701,1.0533687701,1.0533687701,TN-HH-00008091,tn_youth_skilling_stipend_003,1.0,POLICY-RUN-ADF1BD64DB,TN-SYN-P-000008091,TN-HH-00008091,True,False,ELIGIBLE_ALL_RULES_PASSED,ELIGIBLE_ALL_RULES_PASSED,R_AGE_MIN;R_AGE_MAX;R_EMPLOYMENT,,True,SELECTED,2000.0,24000.0,25280.85
TN-SYN-P-000008164,Dindigul,11,Rural,29,Female,2,3,5,Casual labour in agriculture,Literate,Diploma/Certificate,Unemployed,Unemployed,0.0,12219.0,Scheduled Caste,1.0,0.88208608392,0.881675656319,0.881675656319,0.881675656319,TN-HH-00008164,tn_youth_skilling_stipend_003,1.0,POLICY-RUN-ADF1BD64DB,TN-SYN-P-000008164,TN-HH-00008164,True,False,ELIGIBLE_ALL_RULES_PASSED,ELIGIBLE_ALL_RULES_PASSED,R_AGE_MIN;R_AGE_MAX;R_EMPLOYMENT,,True,SELECTED,2000.0,24000.0,21160.22
TN-SYN-P-000008326,Coimbatore,31,Rural,25,Female,1,5,4,Regular wage/salary earning,Literate,Diploma/Certificate,Unemployed,Unemployed,0.0,16212.0,Other Backward Class,1.0,1.05622434506,1.05570913428,1.05570913428,1.05570913428,TN-HH-00008326,tn_youth_skilling_stipend_003,1.0,POLICY-RUN-ADF1BD64DB,TN-SYN-P-000008326,TN-HH-00008326,True,False,ELIGIBLE_ALL_RULES_PASSED,ELIGIBLE_ALL_RULES_PASSED,R_AGE_MIN;R_AGE_MAX;R_EMPLOYMENT,,True,SELECTED,2000.0,24000.0,25337.02
TN-SYN-P-000008479,Dindigul,11,Rural,29,Female,2,3,5,Casual labour in agriculture,Literate,Diploma/Certificate,Unemployed,Unemployed,0.0,12219.0,Scheduled Caste,1.0,0.88208608392,0.881675656319,0.881675656319,0.881675656319,TN-HH-00008479,tn_youth_skilling_stipend_003,1.0,POLICY-RUN-ADF1BD64DB,TN-SYN-P-000008479,TN-HH-00008479,True,False,ELIGIBLE_ALL_RULES_PASSED,ELIGIBLE_ALL_RULES_PASSED,R_AGE_MIN;R_AGE_MAX;R_EMPLOYMENT,,True,SELECTED,2000.0,24000.0,21160.22
TN-SYN-P-000008532,Ranipet,35,Urban,22,Male,1,5,4,Self-employed in agriculture,Literate,Diploma/Certificate,Unemployed,Unemployed,0.0,15357.0,Other Backward Class,1.0,1.0201184824,1.01962499739,1.01962499739,1.01962499739,TN-HH-00008532,tn_youth_skilling_stipend_003,1.0,POLICY-RUN-ADF1BD64DB,TN-SYN-P-000008532,TN-HH-00008532,True,False,ELIGIBLE_ALL_RULES_PASSED,ELIGIBLE_ALL_RULES_PASSED,R_AGE_MIN;R_AGE_MAX;R_EMPLOYMENT,,True,SELECTED,2000.0,24000.0,24471.0
TN-SYN-P-000008671,Tenkasi,33,Rural,22,Male,1,5,4,Regular wage/salary earning,Literate,Diploma/Certificate,Unemployed,Unemployed,0.0,13443.0,Scheduled Caste,1.0,0.88013039559,0.879721144774,0.879721144774,0.879721144774,TN-HH-00008671,tn_youth_skilling_stipend_003,1.0,POLICY-RUN-ADF1BD64DB,TN-SYN-P-000008671,TN-HH-00008671,True,False,ELIGIBLE_ALL_RULES_PASSED,ELIGIBLE_ALL_RULES_PASSED,R_AGE_MIN;R_AGE_MAX;R_EMPLOYMENT,,True,SELECTED,2000.0,24000.0,21113.31
TN-SYN-P-000008748,Dindigul,11,Urban,26,Female,1,5,3,Self-employed in agriculture,Literate,Middle,Unemployed,Unemployed,0.0,11423.0,Other Backward Class,1.0,1.0223852304,1.02189038143,1.02189038143,1.02189038143,TN-HH-00008748,tn_youth_skilling_stipend_003,1.0,POLICY-RUN-ADF1BD64DB,TN-SYN-P-000008748,TN-HH-00008748,True,False,ELIGIBLE_ALL_RULES_PASSED,ELIGIBLE_ALL_RULES_PASSED,R_AGE_MIN;R_AGE_MAX;R_EMPLOYMENT,,True,SELECTED,2000.0,24000.0,24525.37
TN-SYN-P-000008757,Coimbatore,31,Urban,21,Female,1,5,3,Self-employed in agriculture,Literate,Diploma/Certificate,Unemployed,Unemployed,0.0,25517.0,Other Backward Class,1.0,1.0223852304,1.02189038143,1.02189038143,1.02189038143,TN-HH-00008757,tn_youth_skilling_stipend_003,1.0,POLICY-RUN-ADF1BD64DB,TN-SYN-P-000008757,TN-HH-00008757,True,False,ELIGIBLE_ALL_RULES_PASSED,ELIGIBLE_ALL_RULES_PASSED,R_AGE_MIN;R_AGE_MAX;R_EMPLOYMENT,,True,SELECTED,2000.0,24000.0,24525.37
TN-SYN-P-000008769,Chennai,02,Urban,25,Male,1,5,7,Self-employed in agriculture,Literate,Diploma/Certificate,Unemployed,Unemployed,0.0,44394.0,Other Backward Class,1.0,1.0201184824,1.01962499739,1.01962499739,1.01962499739,TN-HH-00008769,tn_youth_skilling_stipend_003,1.0,POLICY-RUN-ADF1BD64DB,TN-SYN-P-000008769,TN-HH-00008769,True,False,ELIGIBLE_ALL_RULES_PASSED,ELIGIBLE_ALL_RULES_PASSED,R_AGE_MIN;R_AGE_MAX;R_EMPLOYMENT,,True,SELECTED,2000.0,24000.0,24471.0
TN-SYN-P-000008826,Thiruvallur,01,Rural,20,Male,1,5,4,Regular wage/salary earning,Literate,Middle,Unemployed,Unemployed,0.0,12783.0,Scheduled Caste,1.0,0.88013039559,0.879721144774,0.879721144774,0.879721144774,TN-HH-00008826,tn_youth_skilling_stipend_003,1.0,POLICY-RUN-ADF1BD64DB,TN-SYN-P-000008826,TN-HH-00008826,True,False,ELIGIBLE_ALL_RULES_PASSED,ELIGIBLE_ALL_RULES_PASSED,R_AGE_MIN;R_AGE_MAX;R_EMPLOYMENT,,True,SELECTED,2000.0,24000.0,21113.31
TN-SYN-P-000008833,Cuddalore,16,Rural,21,Female,1,5,5,Casual labour in non-agriculture,Literate,Diploma/Certificate,Unemployed,Unemployed,0.0,11033.0,Scheduled Caste,1.0,0.88208608392,0.881675656319,0.881675656319,0.881675656319,TN-HH-00008833,tn_youth_skilling_stipend_003,1.0,POLICY-RUN-ADF1BD64DB,TN-SYN-P-000008833,TN-HH-00008833,True,False,ELIGIBLE_ALL_RULES_PASSED,ELIGIBLE_ALL_RULES_PASSED,R_AGE_MIN;R_AGE_MAX;R_EMPLOYMENT,,True,SELECTED,2000.0,24000.0,21160.22
TN-SYN-P-000008843,Cuddalore,16,Rural,19,Male,1,5,5,Self-employed in agriculture,Literate,Higher Secondary,Unemployed,Unemployed,0.0,13417.0,Other Backward Class,1.0,1.05388257177,1.0533687701,1.0533687701,1.0533687701,TN-HH-00008843,tn_youth_skilling_stipend_003,1.0,POLICY-RUN-ADF1BD64DB,TN-SYN-P-000008843,TN-HH-00008843,True,False,ELIGIBLE_ALL_RULES_PASSED,ELIGIBLE_ALL_RULES_PASSED,R_AGE_MIN;R_AGE_MAX;R_EMPLOYMENT,,True,SELECTED,2000.0,24000.0,25280.85
TN-SYN-P-000008861,Mayiladuthurai,38,Rural,22,Female,1,5,3,Casual labour in agriculture,Literate,Diploma/Certificate,Unemployed,Unemployed,0.0,14018.0,Scheduled Caste,1.0,0.88208608392,0.881675656319,0.881675656319,0.881675656319,TN-HH-00008861,tn_youth_skilling_stipend_003,1.0,POLICY-RUN-ADF1BD64DB,TN-SYN-P-000008861,TN-HH-00008861,True,False,ELIGIBLE_ALL_RULES_PASSED,ELIGIBLE_ALL_RULES_PASSED,R_AGE_MIN;R_AGE_MAX;R_EMPLOYMENT,,True,SELECTED,2000.0,24000.0,21160.22
TN-SYN-P-000008863,Chennai,02,Urban,23,Female,1,5,4,Self-employed in agriculture,Literate,Diploma/Certificate,Unemployed,Unemployed,0.0,23137.0,Other Backward Class,1.0,1.0223852304,1.02189038143,1.02189038143,1.02189038143,TN-HH-00008863,tn_youth_skilling_stipend_003,1.0,POLICY-RUN-ADF1BD64DB,TN-SYN-P-000008863,TN-HH-00008863,True,False,ELIGIBLE_ALL_RULES_PASSED,ELIGIBLE_ALL_RULES_PASSED,R_AGE_MIN;R_AGE_MAX;R_EMPLOYMENT,,True,SELECTED,2000.0,24000.0,24525.37
TN-SYN-P-000008881,Cuddalore,16,Rural,21,Male,1,5,5,Casual labour in non-agriculture,Literate,Diploma/Certificate,Unemployed,Unemployed,0.0,12467.0,Other Backward Class,1.0,1.05388257177,1.0533687701,1.0533687701,1.0533687701,TN-HH-00008881,tn_youth_skilling_stipend_003,1.0,POLICY-RUN-ADF1BD64DB,TN-SYN-P-000008881,TN-HH-00008881,True,False,ELIGIBLE_ALL_RULES_PASSED,ELIGIBLE_ALL_RULES_PASSED,R_AGE_MIN;R_AGE_MAX;R_EMPLOYMENT,,True,SELECTED,2000.0,24000.0,25280.85
TN-SYN-P-000008897,Dindigul,11,Rural,29,Female,2,3,5,Casual labour in agriculture,Literate,Diploma/Certificate,Unemployed,Unemployed,0.0,12219.0,Scheduled Caste,1.0,0.88208608392,0.881675656319,0.881675656319,0.881675656319,TN-HH-00008897,tn_youth_skilling_stipend_003,1.0,POLICY-RUN-ADF1BD64DB,TN-SYN-P-000008897,TN-HH-00008897,True,False,ELIGIBLE_ALL_RULES_PASSED,ELIGIBLE_ALL_RULES_PASSED,R_AGE_MIN;R_AGE_MAX;R_EMPLOYMENT,,True,SELECTED,2000.0,24000.0,21160.22
TN-SYN-P-000008904,Unknown,37,Rural,22,Male,1,5,4,Self-employed in non-agriculture,Literate,Diploma/Certificate,Unemployed,Unemployed,0.0,14430.0,Scheduled Caste,1.0,0.88013039559,0.879721144774,0.879721144774,0.879721144774,TN-HH-00008904,tn_youth_skilling_stipend_003,1.0,POLICY-RUN-ADF1BD64DB,TN-SYN-P-000008904,TN-HH-00008904,True,False,ELIGIBLE_ALL_RULES_PASSED,ELIGIBLE_ALL_RULES_PASSED,R_AGE_MIN;R_AGE_MAX;R_EMPLOYMENT,,True,SELECTED,2000.0,24000.0,21113.31
TN-SYN-P-000008905,Vellore,04,Rural,23,Female,1,5,5,Regular wage/salary earning,Literate,Diploma/Certificate,Unemployed,Unemployed,0.0,10940.0,Other Backward Class,1.0,1.05622434506,1.05570913428,1.05570913428,1.05570913428,TN-HH-00008905,tn_youth_skilling_stipend_003,1.0,POLICY-RUN-ADF1BD64DB,TN-SYN-P-000008905,TN-HH-00008905,True,False,ELIGIBLE_ALL_RULES_PASSED,ELIGIBLE_ALL_RULES_PASSED,R_AGE_MIN;R_AGE_MAX;R_EMPLOYMENT,,True,SELECTED,2000.0,24000.0,25337.02
TN-SYN-P-000009010,Kancheepuram,03,Rural,27,Male,1,5,8,Regular wage/salary earning,Literate,Diploma/Certificate,Unemployed,Unemployed,0.0,35417.0,Scheduled Caste,1.0,0.88013039559,0.879721144774,0.879721144774,0.879721144774,TN-HH-00009010,tn_youth_skilling_stipend_003,1.0,POLICY-RUN-ADF1BD64DB,TN-SYN-P-000009010,TN-HH-00009010,True,False,ELIGIBLE_ALL_RULES_PASSED,ELIGIBLE_ALL_RULES_PASSED,R_AGE_MIN;R_AGE_MAX;R_EMPLOYMENT,,True,SELECTED,2000.0,24000.0,21113.31
TN-SYN-P-000009054,Thiruvallur,01,Urban,23,Female,1,5,3,Self-employed in non-agriculture,Literate,Diploma/Certificate,Unemployed,Unemployed,0.0,20177.0,Scheduled Caste,1.0,0.853825977746,0.853432554931,0.853432554931,0.853432554931,TN-HH-00009054,tn_youth_skilling_stipend_003,1.0,POLICY-RUN-ADF1BD64DB,TN-SYN-P-000009054,TN-HH-00009054,True,False,ELIGIBLE_ALL_RULES_PASSED,ELIGIBLE_ALL_RULES_PASSED,R_AGE_MIN;R_AGE_MAX;R_EMPLOYMENT,,True,SELECTED,2000.0,24000.0,20482.38
TN-SYN-P-000009060,Kancheepuram,03,Rural,22,Female,1,5,4,Self-employed in non-agriculture,Literate,Diploma/Certificate,Unemployed,Unemployed,0.0,16470.0,Scheduled Caste,1.0,0.88208608392,0.881675656319,0.881675656319,0.881675656319,TN-HH-00009060,tn_youth_skilling_stipend_003,1.0,POLICY-RUN-ADF1BD64DB,TN-SYN-P-000009060,TN-HH-00009060,True,False,ELIGIBLE_ALL_RULES_PASSED,ELIGIBLE_ALL_RULES_PASSED,R_AGE_MIN;R_AGE_MAX;R_EMPLOYMENT,,True,SELECTED,2000.0,24000.0,21160.22
TN-SYN-P-000009072,Thiruvarur,18,Rural,26,Male,2,3,12,Regular wage/salary earning,Literate,Diploma/Certificate,Unemployed,Unemployed,0.0,58995.0,Scheduled Caste,1.0,0.88013039559,0.879721144774,0.879721144774,0.879721144774,TN-HH-00009072,tn_youth_skilling_stipend_003,1.0,POLICY-RUN-ADF1BD64DB,TN-SYN-P-000009072,TN-HH-00009072,True,False,ELIGIBLE_ALL_RULES_PASSED,ELIGIBLE_ALL_RULES_PASSED,R_AGE_MIN;R_AGE_MAX;R_EMPLOYMENT,,True,SELECTED,2000.0,24000.0,21113.31
TN-SYN-P-000009104,Thanjavur,19,Rural,26,Male,1,5,3,Casual labour in agriculture,Literate,Diploma/Certificate,Unemployed,Unemployed,0.0,8770.0,Other Backward Class,1.0,1.05388257177,1.0533687701,1.0533687701,1.0533687701,TN-HH-00009104,tn_youth_skilling_stipend_003,1.0,POLICY-RUN-ADF1BD64DB,TN-SYN-P-000009104,TN-HH-00009104,True,False,ELIGIBLE_ALL_RULES_PASSED,ELIGIBLE_ALL_RULES_PASSED,R_AGE_MIN;R_AGE_MAX;R_EMPLOYMENT,,True,SELECTED,2000.0,24000.0,25280.85
TN-SYN-P-000009244,Chennai,02,Urban,25,Male,1,5,7,Self-employed in agriculture,Literate,Diploma/Certificate,Unemployed,Unemployed,0.0,44394.0,Other Backward Class,1.0,1.0201184824,1.01962499739,1.01962499739,1.01962499739,TN-HH-00009244,tn_youth_skilling_stipend_003,1.0,POLICY-RUN-ADF1BD64DB,TN-SYN-P-000009244,TN-HH-00009244,True,False,ELIGIBLE_ALL_RULES_PASSED,ELIGIBLE_ALL_RULES_PASSED,R_AGE_MIN;R_AGE_MAX;R_EMPLOYMENT,,True,SELECTED,2000.0,24000.0,24471.0
TN-SYN-P-000009338,Thanjavur,19,Urban,24,Male,1,5,3,Others,Literate,Diploma/Certificate,Unemployed,Unemployed,0.0,13004.0,Other Backward Class,1.0,1.0201184824,1.01962499739,1.01962499739,1.01962499739,TN-HH-00009338,tn_youth_skilling_stipend_003,1.0,POLICY-RUN-ADF1BD64DB,TN-SYN-P-000009338,TN-HH-00009338,True,False,ELIGIBLE_ALL_RULES_PASSED,ELIGIBLE_ALL_RULES_PASSED,R_AGE_MIN;R_AGE_MAX;R_EMPLOYMENT,,True,SELECTED,2000.0,24000.0,24471.0
TN-SYN-P-000009363,Cuddalore,16,Rural,21,Female,1,5,5,Casual labour in non-agriculture,Literate,Diploma/Certificate,Unemployed,Unemployed,0.0,11033.0,Scheduled Caste,1.0,0.88208608392,0.881675656319,0.881675656319,0.881675656319,TN-HH-00009363,tn_youth_skilling_stipend_003,1.0,POLICY-RUN-ADF1BD64DB,TN-SYN-P-000009363,TN-HH-00009363,True,False,ELIGIBLE_ALL_RULES_PASSED,ELIGIBLE_ALL_RULES_PASSED,R_AGE_MIN;R_AGE_MAX;R_EMPLOYMENT,,True,SELECTED,2000.0,24000.0,21160.22
TN-SYN-P-000009556,Chennai,02,Urban,26,Male,1,5,3,Self-employed in non-agriculture,Literate,Diploma/Certificate,Unemployed,Unemployed,0.0,29448.0,Other Backward Class,1.0,1.0201184824,1.01962499739,1.01962499739,1.01962499739,TN-HH-00009556,tn_youth_skilling_stipend_003,1.0,POLICY-RUN-ADF1BD64DB,TN-SYN-P-000009556,TN-HH-00009556,True,False,ELIGIBLE_ALL_RULES_PASSED,ELIGIBLE_ALL_RULES_PASSED,R_AGE_MIN;R_AGE_MAX;R_EMPLOYMENT,,True,SELECTED,2000.0,24000.0,24471.0
TN-SYN-P-000009688,Thiruvarur,18,Rural,24,Female,2,4,5,Regular wage/salary earning,Literate,Diploma/Certificate,Unemployed,Unemployed,0.0,17192.0,Other Backward Class,1.0,1.05622434506,1.05570913428,1.05570913428,1.05570913428,TN-HH-00009688,tn_youth_skilling_stipend_003,1.0,POLICY-RUN-ADF1BD64DB,TN-SYN-P-000009688,TN-HH-00009688,True,False,ELIGIBLE_ALL_RULES_PASSED,ELIGIBLE_ALL_RULES_PASSED,R_AGE_MIN;R_AGE_MAX;R_EMPLOYMENT,,True,SELECTED,2000.0,24000.0,25337.02
TN-SYN-P-000009740,Thanjavur,19,Urban,27,Male,1,5,3,Regular wage/salary earning,Literate,Higher Secondary,Unemployed,Unemployed,0.0,11725.0,Other Backward Class,1.0,1.0201184824,1.01962499739,1.01962499739,1.01962499739,TN-HH-00009740,tn_youth_skilling_stipend_003,1.0,POLICY-RUN-ADF1BD64DB,TN-SYN-P-000009740,TN-HH-00009740,True,False,ELIGIBLE_ALL_RULES_PASSED,ELIGIBLE_ALL_RULES_PASSED,R_AGE_MIN;R_AGE_MAX;R_EMPLOYMENT,,True,SELECTED,2000.0,24000.0,24471.0
TN-SYN-P-000009768,Tenkasi,33,Urban,22,Female,1,5,3,Others,Literate,Diploma/Certificate,Unemployed,Unemployed,0.0,15672.0,Scheduled Caste,1.0,0.853825977746,0.853432554931,0.853432554931,0.853432554931,TN-HH-00009768,tn_youth_skilling_stipend_003,1.0,POLICY-RUN-ADF1BD64DB,TN-SYN-P-000009768,TN-HH-00009768,True,False,ELIGIBLE_ALL_RULES_PASSED,ELIGIBLE_ALL_RULES_PASSED,R_AGE_MIN;R_AGE_MAX;R_EMPLOYMENT,,True,SELECTED,2000.0,24000.0,20482.38
TN-SYN-P-000009786,Ramanathapuram,25,Rural,23,Female,1,5,6,Self-employed in non-agriculture,Literate,Diploma/Certificate,Unemployed,Unemployed,0.0,15753.0,Other Backward Class,1.0,1.05622434506,1.05570913428,1.05570913428,1.05570913428,TN-HH-00009786,tn_youth_skilling_stipend_003,1.0,POLICY-RUN-ADF1BD64DB,TN-SYN-P-000009786,TN-HH-00009786,True,False,ELIGIBLE_ALL_RULES_PASSED,ELIGIBLE_ALL_RULES_PASSED,R_AGE_MIN;R_AGE_MAX;R_EMPLOYMENT,,True,SELECTED,2000.0,24000.0,25337.02
TN-SYN-P-000009833,Tenkasi,33,Rural,22,Male,1,5,4,Regular wage/salary earning,Literate,Diploma/Certificate,Unemployed,Unemployed,0.0,13443.0,Scheduled Caste,1.0,0.88013039559,0.879721144774,0.879721144774,0.879721144774,TN-HH-00009833,tn_youth_skilling_stipend_003,1.0,POLICY-RUN-ADF1BD64DB,TN-SYN-P-000009833,TN-HH-00009833,True,False,ELIGIBLE_ALL_RULES_PASSED,ELIGIBLE_ALL_RULES_PASSED,R_AGE_MIN;R_AGE_MAX;R_EMPLOYMENT,,True,SELECTED,2000.0,24000.0,21113.31
TN-SYN-P-000009863,Namakkal,08,Rural,24,Female,1,5,4,Regular wage/salary earning,Literate,Diploma/Certificate,Unemployed,Unemployed,0.0,10667.0,Other Backward Class,1.0,1.05622434506,1.05570913428,1.05570913428,1.05570913428,TN-HH-00009863,tn_youth_skilling_stipend_003,1.0,POLICY-RUN-ADF1BD64DB,TN-SYN-P-000009863,TN-HH-00009863,True,False,ELIGIBLE_ALL_RULES_PASSED,ELIGIBLE_ALL_RULES_PASSED,R_AGE_MIN;R_AGE_MAX;R_EMPLOYMENT,,True,SELECTED,2000.0,24000.0,25337.02
TN-SYN-P-000009881,Vellore,04,Rural,23,Male,1,5,4,Self-employed in agriculture,Literate,Diploma/Certificate,Unemployed,Unemployed,0.0,12435.0,Other Backward Class,1.0,1.05388257177,1.0533687701,1.0533687701,1.0533687701,TN-HH-00009881,tn_youth_skilling_stipend_003,1.0,POLICY-RUN-ADF1BD64DB,TN-SYN-P-000009881,TN-HH-00009881,True,False,ELIGIBLE_ALL_RULES_PASSED,ELIGIBLE_ALL_RULES_PASSED,R_AGE_MIN;R_AGE_MAX;R_EMPLOYMENT,,True,SELECTED,2000.0,24000.0,25280.85
TN-SYN-P-000009950,Madurai,22,Urban,25,Female,2,2,6,Regular wage/salary earning,Literate,Below Primary,Unemployed,Unemployed,0.0,10859.0,Other Backward Class,1.0,1.0223852304,1.02189038143,1.02189038143,1.02189038143,TN-HH-00009950,tn_youth_skilling_stipend_003,1.0,POLICY-RUN-ADF1BD64DB,TN-SYN-P-000009950,TN-HH-00009950,True,False,ELIGIBLE_ALL_RULES_PASSED,ELIGIBLE_ALL_RULES_PASSED,R_AGE_MIN;R_AGE_MAX;R_EMPLOYMENT,,True,SELECTED,2000.0,24000.0,24525.37
TN-SYN-P-000009992,Namakkal,08,Rural,24,Female,1,5,4,Regular wage/salary earning,Literate,Diploma/Certificate,Unemployed,Unemployed,0.0,10667.0,Other Backward Class,1.0,1.05622434506,1.05570913428,1.05570913428,1.05570913428,TN-HH-00009992,tn_youth_skilling_stipend_003,1.0,POLICY-RUN-ADF1BD64DB,TN-SYN-P-000009992,TN-HH-00009992,True,False,ELIGIBLE_ALL_RULES_PASSED,ELIGIBLE_ALL_RULES_PASSED,R_AGE_MIN;R_AGE_MAX;R_EMPLOYMENT,,True,SELECTED,2000.0,24000.0,25337.02
TN-SYN-P-000010133,Kancheepuram,03,Rural,27,Male,1,5,8,Regular wage/salary earning,Literate,Diploma/Certificate,Unemployed,Unemployed,0.0,35417.0,Scheduled Caste,1.0,0.88013039559,0.879721144774,0.879721144774,0.879721144774,TN-HH-00010133,tn_youth_skilling_stipend_003,1.0,POLICY-RUN-ADF1BD64DB,TN-SYN-P-000010133,TN-HH-00010133,True,False,ELIGIBLE_ALL_RULES_PASSED,ELIGIBLE_ALL_RULES_PASSED,R_AGE_MIN;R_AGE_MAX;R_EMPLOYMENT,,True,SELECTED,2000.0,24000.0,21113.31
TN-SYN-P-000010185,Dindigul,11,Rural,29,Female,2,3,5,Casual labour in agriculture,Literate,Diploma/Certificate,Unemployed,Unemployed,0.0,12219.0,Scheduled Caste,1.0,0.88208608392,0.881675656319,0.881675656319,0.881675656319,TN-HH-00010185,tn_youth_skilling_stipend_003,1.0,POLICY-RUN-ADF1BD64DB,TN-SYN-P-000010185,TN-HH-00010185,True,False,ELIGIBLE_ALL_RULES_PASSED,ELIGIBLE_ALL_RULES_PASSED,R_AGE_MIN;R_AGE_MAX;R_EMPLOYMENT,,True,SELECTED,2000.0,24000.0,21160.22
TN-SYN-P-000010328,Coimbatore,31,Rural,25,Female,1,5,4,Regular wage/salary earning,Literate,Diploma/Certificate,Unemployed,Unemployed,0.0,16212.0,Other Backward Class,1.0,1.05622434506,1.05570913428,1.05570913428,1.05570913428,TN-HH-00010328,tn_youth_skilling_stipend_003,1.0,POLICY-RUN-ADF1BD64DB,TN-SYN-P-000010328,TN-HH-00010328,True,False,ELIGIBLE_ALL_RULES_PASSED,ELIGIBLE_ALL_RULES_PASSED,R_AGE_MIN;R_AGE_MAX;R_EMPLOYMENT,,True,SELECTED,2000.0,24000.0,25337.02
TN-SYN-P-000010351,Perambalur,14,Urban,23,Male,1,5,4,Self-employed in agriculture,Literate,Diploma/Certificate,Unemployed,Unemployed,0.0,11783.0,Other Backward Class,1.0,1.0201184824,1.01962499739,1.01962499739,1.01962499739,TN-HH-00010351,tn_youth_skilling_stipend_003,1.0,POLICY-RUN-ADF1BD64DB,TN-SYN-P-000010351,TN-HH-00010351,True,False,ELIGIBLE_ALL_RULES_PASSED,ELIGIBLE_ALL_RULES_PASSED,R_AGE_MIN;R_AGE_MAX;R_EMPLOYMENT,,True,SELECTED,2000.0,24000.0,24471.0
TN-SYN-P-000010354,Thiruvarur,18,Rural,24,Female,2,4,5,Regular wage/salary earning,Literate,Diploma/Certificate,Unemployed,Unemployed,0.0,17192.0,Other Backward Class,1.0,1.05622434506,1.05570913428,1.05570913428,1.05570913428,TN-HH-00010354,tn_youth_skilling_stipend_003,1.0,POLICY-RUN-ADF1BD64DB,TN-SYN-P-000010354,TN-HH-00010354,True,False,ELIGIBLE_ALL_RULES_PASSED,ELIGIBLE_ALL_RULES_PASSED,R_AGE_MIN;R_AGE_MAX;R_EMPLOYMENT,,True,SELECTED,2000.0,24000.0,25337.02
TN-SYN-P-000010405,Thanjavur,19,Urban,24,Male,1,5,3,Others,Literate,Diploma/Certificate,Unemployed,Unemployed,0.0,13004.0,Other Backward Class,1.0,1.0201184824,1.01962499739,1.01962499739,1.01962499739,TN-HH-00010405,tn_youth_skilling_stipend_003,1.0,POLICY-RUN-ADF1BD64DB,TN-SYN-P-000010405,TN-HH-00010405,True,False,ELIGIBLE_ALL_RULES_PASSED,ELIGIBLE_ALL_RULES_PASSED,R_AGE_MIN;R_AGE_MAX;R_EMPLOYMENT,,True,SELECTED,2000.0,24000.0,24471.0
TN-SYN-P-000010520,Vellore,04,Rural,23,Male,1,5,4,Self-employed in agriculture,Literate,Diploma/Certificate,Unemployed,Unemployed,0.0,12435.0,Other Backward Class,1.0,1.05388257177,1.0533687701,1.0533687701,1.0533687701,TN-HH-00010520,tn_youth_skilling_stipend_003,1.0,POLICY-RUN-ADF1BD64DB,TN-SYN-P-000010520,TN-HH-00010520,True,False,ELIGIBLE_ALL_RULES_PASSED,ELIGIBLE_ALL_RULES_PASSED,R_AGE_MIN;R_AGE_MAX;R_EMPLOYMENT,,True,SELECTED,2000.0,24000.0,25280.85
TN-SYN-P-000010585,Coimbatore,31,Urban,23,Female,1,5,4,Self-employed in non-agriculture,Literate,Diploma/Certificate,Unemployed,Unemployed,0.0,16710.0,Other Backward Class,1.0,1.0223852304,1.02189038143,1.02189038143,1.02189038143,TN-HH-00010585,tn_youth_skilling_stipend_003,1.0,POLICY-RUN-ADF1BD64DB,TN-SYN-P-000010585,TN-HH-00010585,True,False,ELIGIBLE_ALL_RULES_PASSED,ELIGIBLE_ALL_RULES_PASSED,R_AGE_MIN;R_AGE_MAX;R_EMPLOYMENT,,True,SELECTED,2000.0,24000.0,24525.37
TN-SYN-P-000010646,Chennai,02,Urban,25,Male,1,5,7,Self-employed in agriculture,Literate,Diploma/Certificate,Unemployed,Unemployed,0.0,44394.0,Other Backward Class,1.0,1.0201184824,1.01962499739,1.01962499739,1.01962499739,TN-HH-00010646,tn_youth_skilling_stipend_003,1.0,POLICY-RUN-ADF1BD64DB,TN-SYN-P-000010646,TN-HH-00010646,True,False,ELIGIBLE_ALL_RULES_PASSED,ELIGIBLE_ALL_RULES_PASSED,R_AGE_MIN;R_AGE_MAX;R_EMPLOYMENT,,True,SELECTED,2000.0,24000.0,24471.0
TN-SYN-P-000010768,Dharmapuri,29,Rural,22,Female,1,5,5,Regular wage/salary earning,Literate,Diploma/Certificate,Unemployed,Unemployed,0.0,14844.0,Other Backward Class,1.0,1.05622434506,1.05570913428,1.05570913428,1.05570913428,TN-HH-00010768,tn_youth_skilling_stipend_003,1.0,POLICY-RUN-ADF1BD64DB,TN-SYN-P-000010768,TN-HH-00010768,True,False,ELIGIBLE_ALL_RULES_PASSED,ELIGIBLE_ALL_RULES_PASSED,R_AGE_MIN;R_AGE_MAX;R_EMPLOYMENT,,True,SELECTED,2000.0,24000.0,25337.02
TN-SYN-P-000010779,Tenkasi,33,Urban,23,Female,1,5,4,Regular wage/salary earning,Literate,Diploma/Certificate,Unemployed,Unemployed,0.0,18500.0,Others,1.0,1.0223852304,1.02189038143,1.02189038143,1.02189038143,TN-HH-00010779,tn_youth_skilling_stipend_003,1.0,POLICY-RUN-ADF1BD64DB,TN-SYN-P-000010779,TN-HH-00010779,True,False,ELIGIBLE_ALL_RULES_PASSED,ELIGIBLE_ALL_RULES_PASSED,R_AGE_MIN;R_AGE_MAX;R_EMPLOYMENT,,True,SELECTED,2000.0,24000.0,24525.37
TN-SYN-P-000010916,Thanjavur,19,Urban,24,Female,1,5,4,Self-employed in non-agriculture,Literate,Diploma/Certificate,Unemployed,Unemployed,0.0,24753.0,Other Backward Class,1.0,1.0223852304,1.02189038143,1.02189038143,1.02189038143,TN-HH-00010916,tn_youth_skilling_stipend_003,1.0,POLICY-RUN-ADF1BD64DB,TN-SYN-P-000010916,TN-HH-00010916,True,False,ELIGIBLE_ALL_RULES_PASSED,ELIGIBLE_ALL_RULES_PASSED,R_AGE_MIN;R_AGE_MAX;R_EMPLOYMENT,,True,SELECTED,2000.0,24000.0,24525.37
TN-SYN-P-000010969,Cuddalore,16,Rural,21,Male,1,5,5,Casual labour in non-agriculture,Literate,Diploma/Certificate,Unemployed,Unemployed,0.0,12467.0,Other Backward Class,1.0,1.05388257177,1.0533687701,1.0533687701,1.0533687701,TN-HH-00010969,tn_youth_skilling_stipend_003,1.0,POLICY-RUN-ADF1BD64DB,TN-SYN-P-000010969,TN-HH-00010969,True,False,ELIGIBLE_ALL_RULES_PASSED,ELIGIBLE_ALL_RULES_PASSED,R_AGE_MIN;R_AGE_MAX;R_EMPLOYMENT,,True,SELECTED,2000.0,24000.0,25280.85
TN-SYN-P-000010987,Thanjavur,19,Rural,26,Male,1,5,3,Casual labour in agriculture,Literate,Diploma/Certificate,Unemployed,Unemployed,0.0,8770.0,Other Backward Class,1.0,1.05388257177,1.0533687701,1.0533687701,1.0533687701,TN-HH-00010987,tn_youth_skilling_stipend_003,1.0,POLICY-RUN-ADF1BD64DB,TN-SYN-P-000010987,TN-HH-00010987,True,False,ELIGIBLE_ALL_RULES_PASSED,ELIGIBLE_ALL_RULES_PASSED,R_AGE_MIN;R_AGE_MAX;R_EMPLOYMENT,,True,SELECTED,2000.0,24000.0,25280.85
TN-SYN-P-000011011,Thiruvallur,01,Urban,23,Female,1,5,4,Self-employed in non-agriculture,Literate,Diploma/Certificate,Unemployed,Unemployed,0.0,36602.0,Other Backward Class,1.0,1.0223852304,1.02189038143,1.02189038143,1.02189038143,TN-HH-00011011,tn_youth_skilling_stipend_003,1.0,POLICY-RUN-ADF1BD64DB,TN-SYN-P-000011011,TN-HH-00011011,True,False,ELIGIBLE_ALL_RULES_PASSED,ELIGIBLE_ALL_RULES_PASSED,R_AGE_MIN;R_AGE_MAX;R_EMPLOYMENT,,True,SELECTED,2000.0,24000.0,24525.37
TN-SYN-P-000011054,Chennai,02,Urban,21,Male,1,5,5,Self-employed in non-agriculture,Literate,Diploma/Certificate,Unemployed,Unemployed,0.0,14403.0,Other Backward Class,1.0,1.0201184824,1.01962499739,1.01962499739,1.01962499739,TN-HH-00011054,tn_youth_skilling_stipend_003,1.0,POLICY-RUN-ADF1BD64DB,TN-SYN-P-000011054,TN-HH-00011054,True,False,ELIGIBLE_ALL_RULES_PASSED,ELIGIBLE_ALL_RULES_PASSED,R_AGE_MIN;R_AGE_MAX;R_EMPLOYMENT,,True,SELECTED,2000.0,24000.0,24471.0
TN-SYN-P-000011127,Krishnagiri,30,Rural,23,Male,1,5,3,Self-employed in agriculture,Literate,Diploma/Certificate,Unemployed,Unemployed,0.0,12724.0,Other Backward Class,1.0,1.05388257177,1.0533687701,1.0533687701,1.0533687701,TN-HH-00011127,tn_youth_skilling_stipend_003,1.0,POLICY-RUN-ADF1BD64DB,TN-SYN-P-000011127,TN-HH-00011127,True,False,ELIGIBLE_ALL_RULES_PASSED,ELIGIBLE_ALL_RULES_PASSED,R_AGE_MIN;R_AGE_MAX;R_EMPLOYMENT,,True,SELECTED,2000.0,24000.0,25280.85
TN-SYN-P-000011132,Namakkal,08,Urban,22,Male,1,5,4,Self-employed in non-agriculture,Literate,Diploma/Certificate,Unemployed,Unemployed,0.0,10546.0,Scheduled Caste,1.0,0.851932945387,0.851540661655,0.851540661655,0.851540661655,TN-HH-00011132,tn_youth_skilling_stipend_003,1.0,POLICY-RUN-ADF1BD64DB,TN-SYN-P-000011132,TN-HH-00011132,True,False,ELIGIBLE_ALL_RULES_PASSED,ELIGIBLE_ALL_RULES_PASSED,R_AGE_MIN;R_AGE_MAX;R_EMPLOYMENT,,True,SELECTED,2000.0,24000.0,20436.98
TN-SYN-P-000011207,Dindigul,11,Rural,28,Female,2,2,4,Casual labour in non-agriculture,Literate,Diploma/Certificate,Unemployed,Unemployed,0.0,12160.0,Scheduled Caste,1.0,0.88208608392,0.881675656319,0.881675656319,0.881675656319,TN-HH-00011207,tn_youth_skilling_stipend_003,1.0,POLICY-RUN-ADF1BD64DB,TN-SYN-P-000011207,TN-HH-00011207,True,False,ELIGIBLE_ALL_RULES_PASSED,ELIGIBLE_ALL_RULES_PASSED,R_AGE_MIN;R_AGE_MAX;R_EMPLOYMENT,,True,SELECTED,2000.0,24000.0,21160.22
TN-SYN-P-000011268,Dindigul,11,Rural,27,Male,1,5,4,Regular wage/salary earning,Literate,Diploma/Certificate,Unemployed,Unemployed,0.0,8749.0,Other Backward Class,1.0,1.05388257177,1.0533687701,1.0533687701,1.0533687701,TN-HH-00011268,tn_youth_skilling_stipend_003,1.0,POLICY-RUN-ADF1BD64DB,TN-SYN-P-000011268,TN-HH-00011268,True,False,ELIGIBLE_ALL_RULES_PASSED,ELIGIBLE_ALL_RULES_PASSED,R_AGE_MIN;R_AGE_MAX;R_EMPLOYMENT,,True,SELECTED,2000.0,24000.0,25280.85
TN-SYN-P-000011279,Tiruvannamalai,05,Rural,23,Male,2,3,6,Self-employed in agriculture,Literate,Higher Secondary,Unemployed,Unemployed,0.0,10682.0,Other Backward Class,1.0,1.05388257177,1.0533687701,1.0533687701,1.0533687701,TN-HH-00011279,tn_youth_skilling_stipend_003,1.0,POLICY-RUN-ADF1BD64DB,TN-SYN-P-000011279,TN-HH-00011279,True,False,ELIGIBLE_ALL_RULES_PASSED,ELIGIBLE_ALL_RULES_PASSED,R_AGE_MIN;R_AGE_MAX;R_EMPLOYMENT,,True,SELECTED,2000.0,24000.0,25280.85
TN-SYN-P-000011412,Vellore,04,Rural,23,Male,1,5,4,Self-employed in agriculture,Literate,Diploma/Certificate,Unemployed,Unemployed,0.0,12435.0,Other Backward Class,1.0,1.05388257177,1.0533687701,1.0533687701,1.0533687701,TN-HH-00011412,tn_youth_skilling_stipend_003,1.0,POLICY-RUN-ADF1BD64DB,TN-SYN-P-000011412,TN-HH-00011412,True,False,ELIGIBLE_ALL_RULES_PASSED,ELIGIBLE_ALL_RULES_PASSED,R_AGE_MIN;R_AGE_MAX;R_EMPLOYMENT,,True,SELECTED,2000.0,24000.0,25280.85
TN-SYN-P-000011420,Tenkasi,33,Urban,22,Male,1,5,3,Regular wage/salary earning,Literate,Diploma/Certificate,Unemployed,Unemployed,0.0,12828.0,Other Backward Class,1.0,1.0201184824,1.01962499739,1.01962499739,1.01962499739,TN-HH-00011420,tn_youth_skilling_stipend_003,1.0,POLICY-RUN-ADF1BD64DB,TN-SYN-P-000011420,TN-HH-00011420,True,False,ELIGIBLE_ALL_RULES_PASSED,ELIGIBLE_ALL_RULES_PASSED,R_AGE_MIN;R_AGE_MAX;R_EMPLOYMENT,,True,SELECTED,2000.0,24000.0,24471.0
TN-SYN-P-000011482,Chennai,02,Urban,22,Female,1,5,7,Self-employed in agriculture,Literate,Diploma/Certificate,Unemployed,Unemployed,0.0,44394.0,Other Backward Class,1.0,1.0223852304,1.02189038143,1.02189038143,1.02189038143,TN-HH-00011482,tn_youth_skilling_stipend_003,1.0,POLICY-RUN-ADF1BD64DB,TN-SYN-P-000011482,TN-HH-00011482,True,False,ELIGIBLE_ALL_RULES_PASSED,ELIGIBLE_ALL_RULES_PASSED,R_AGE_MIN;R_AGE_MAX;R_EMPLOYMENT,,True,SELECTED,2000.0,24000.0,24525.37
TN-SYN-P-000011562,Dharmapuri,29,Rural,22,Female,1,5,5,Regular wage/salary earning,Literate,Diploma/Certificate,Unemployed,Unemployed,0.0,14844.0,Other Backward Class,1.0,1.05622434506,1.05570913428,1.05570913428,1.05570913428,TN-HH-00011562,tn_youth_skilling_stipend_003,1.0,POLICY-RUN-ADF1BD64DB,TN-SYN-P-000011562,TN-HH-00011562,True,False,ELIGIBLE_ALL_RULES_PASSED,ELIGIBLE_ALL_RULES_PASSED,R_AGE_MIN;R_AGE_MAX;R_EMPLOYMENT,,True,SELECTED,2000.0,24000.0,25337.02
TN-SYN-P-000011608,Karur,12,Rural,22,Female,1,5,4,Self-employed in non-agriculture,Literate,Diploma/Certificate,Unemployed,Unemployed,0.0,6742.0,Scheduled Caste,1.0,0.88208608392,0.881675656319,0.881675656319,0.881675656319,TN-HH-00011608,tn_youth_skilling_stipend_003,1.0,POLICY-RUN-ADF1BD64DB,TN-SYN-P-000011608,TN-HH-00011608,True,False,ELIGIBLE_ALL_RULES_PASSED,ELIGIBLE_ALL_RULES_PASSED,R_AGE_MIN;R_AGE_MAX;R_EMPLOYMENT,,True,SELECTED,2000.0,24000.0,21160.22
TN-SYN-P-000011689,Kallakurichi,34,Rural,22,Male,1,5,3,Self-employed in agriculture,Literate,Diploma/Certificate,Unemployed,Unemployed,0.0,9358.0,Scheduled Caste,1.0,0.88013039559,0.879721144774,0.879721144774,0.879721144774,TN-HH-00011689,tn_youth_skilling_stipend_003,1.0,POLICY-RUN-ADF1BD64DB,TN-SYN-P-000011689,TN-HH-00011689,True,False,ELIGIBLE_ALL_RULES_PASSED,ELIGIBLE_ALL_RULES_PASSED,R_AGE_MIN;R_AGE_MAX;R_EMPLOYMENT,,True,SELECTED,2000.0,24000.0,21113.31
TN-SYN-P-000011743,Thanjavur,19,Rural,27,Female,2,8,7,Self-employed in non-agriculture,Literate,Diploma/Certificate,Unemployed,Unemployed,0.0,18595.0,Scheduled Caste,1.0,0.88208608392,0.881675656319,0.881675656319,0.881675656319,TN-HH-00011743,tn_youth_skilling_stipend_003,1.0,POLICY-RUN-ADF1BD64DB,TN-SYN-P-000011743,TN-HH-00011743,True,False,ELIGIBLE_ALL_RULES_PASSED,ELIGIBLE_ALL_RULES_PASSED,R_AGE_MIN;R_AGE_MAX;R_EMPLOYMENT,,True,SELECTED,2000.0,24000.0,21160.22
TN-SYN-P-000011834,Vellore,04,Rural,23,Female,1,5,5,Regular wage/salary earning,Literate,Diploma/Certificate,Unemployed,Unemployed,0.0,10940.0,Other Backward Class,1.0,1.05622434506,1.05570913428,1.05570913428,1.05570913428,TN-HH-00011834,tn_youth_skilling_stipend_003,1.0,POLICY-RUN-ADF1BD64DB,TN-SYN-P-000011834,TN-HH-00011834,True,False,ELIGIBLE_ALL_RULES_PASSED,ELIGIBLE_ALL_RULES_PASSED,R_AGE_MIN;R_AGE_MAX;R_EMPLOYMENT,,True,SELECTED,2000.0,24000.0,25337.02
TN-SYN-P-000011902,Chennai,02,Urban,26,Male,1,5,3,Self-employed in non-agriculture,Literate,Diploma/Certificate,Unemployed,Unemployed,0.0,29448.0,Other Backward Class,1.0,1.0201184824,1.01962499739,1.01962499739,1.01962499739,TN-HH-00011902,tn_youth_skilling_stipend_003,1.0,POLICY-RUN-ADF1BD64DB,TN-SYN-P-000011902,TN-HH-00011902,True,False,ELIGIBLE_ALL_RULES_PASSED,ELIGIBLE_ALL_RULES_PASSED,R_AGE_MIN;R_AGE_MAX;R_EMPLOYMENT,,True,SELECTED,2000.0,24000.0,24471.0
TN-SYN-P-000011939,Namakkal,08,Rural,24,Female,1,5,4,Regular wage/salary earning,Literate,Diploma/Certificate,Unemployed,Unemployed,0.0,10667.0,Other Backward Class,1.0,1.05622434506,1.05570913428,1.05570913428,1.05570913428,TN-HH-00011939,tn_youth_skilling_stipend_003,1.0,POLICY-RUN-ADF1BD64DB,TN-SYN-P-000011939,TN-HH-00011939,True,False,ELIGIBLE_ALL_RULES_PASSED,ELIGIBLE_ALL_RULES_PASSED,R_AGE_MIN;R_AGE_MAX;R_EMPLOYMENT,,True,SELECTED,2000.0,24000.0,25337.02
